bank_code,branch,institution,last_seen
01,0001,anz,2026-09-25
01,0004,anz,2026-09-25
01,0008,anz,2026-09-25
01,0009,anz,2026-09-25
01,0011,anz,2026-09-25
01,0030,anz,2026-09-25
01,0034,anz,2026-09-25
01,0042,anz,2026-09-25
01,0050,anz,2026-09-25
01,0053,anz,2026-09-25
01,0055,anz,2026-09-25
01,0058,anz,2026-09-25
01,0066,anz,2026-09-25
01,0069,anz,2026-09-25
01,0070,anz,2026-09-25
01,0071,anz,2026-09-25
01,0075,anz,2026-09-25
01,0077,anz,2026-09-25
01,0078,anz,2026-09-25
01,0079,anz,2026-09-25
01,0080,anz,2026-09-25
01,0083,anz,2026-09-25
01,0084,anz,2026-09-25
01,0085,anz,2026-09-25
01,0088,anz,2026-09-25
01,0091,anz,2026-09-25
01,0092,anz,2026-09-25
01,0102,anz,2026-09-25
01,0107,anz,2026-09-25
01,0113,anz,2026-09-25
01,0121,anz,2026-09-25
01,0125,anz,2026-09-25
01,0126,anz,2026-09-25
01,0129,anz,2026-09-25
01,0137,anz,2026-09-25
01,0141,anz,2026-09-25
01,0142,anz,2026-09-25
01,0143,anz,2026-09-25
01,0147,anz,2026-09-25
01,0154,anz,2026-09-25
01,0161,anz,2026-09-25
01,0165,anz,2026-09-25
01,0170,anz,2026-09-25
01,0171,anz,2026-09-25
01,0178,anz,2026-09-25
01,0182,anz,2026-09-25
01,0183,anz,2026-09-25
01,0186,anz,2026-09-25
01,0190,anz,2026-09-25
01,0194,anz,2026-09-25
01,0202,anz,2026-09-25
01,0204,anz,2026-09-25
01,0205,anz,2026-09-25
01,0210,anz,2026-09-25
01,0215,anz,2026-09-25
01,0218,anz,2026-09-25
01,0221,anz,2026-09-25
01,0226,anz,2026-09-25
01,0234,anz,2026-09-25
01,0235,anz,2026-09-25
01,0236,anz,2026-09-25
01,0242,anz,2026-09-25
01,0244,anz,2026-09-25
01,0249,anz,2026-09-25
01,0258,anz,2026-09-25
01,0262,anz,2026-09-25
01,0270,anz,2026-09-25
01,0274,anz,2026-09-25
01,0277,anz,2026-09-25
01,0281,anz,2026-09-25
01,0286,anz,2026-09-25
01,0288,anz,2026-09-25
01,0295,anz,2026-09-25
01,0297,anz,2026-09-25
01,0298,anz,2026-09-25
01,0302,anz,2026-09-25
01,0307,anz,2026-09-25
01,0310,anz,2026-09-25
01,0311,anz,2026-09-25
01,0315,anz,2026-09-25
01,0321,anz,2026-09-25
01,0322,anz,2026-09-25
01,0325,anz,2026-09-25
01,0327,anz,2026-09-25
01,0330,anz,2026-09-25
01,0331,anz,2026-09-25
01,0338,anz,2026-09-25
01,0349,anz,2026-09-25
01,0353,anz,2026-09-25
01,0354,anz,2026-09-25
01,0362,anz,2026-09-25
01,0367,anz,2026-09-25
01,0370,anz,2026-09-25
01,0373,anz,2026-09-25
01,0381,anz,2026-09-25
01,0382,anz,2026-09-25
01,0387,anz,2026-09-25
01,0391,anz,2026-09-25
01,0395,anz,2026-09-25
01,0398,anz,2026-09-25
01,0403,anz,2026-09-25
01,0414,anz,2026-09-25
01,0422,anz,2026-09-25
01,0425,anz,2026-09-25
01,0427,anz,2026-09-25
01,0434,anz,2026-09-25
01,0438,anz,2026-09-25
01,0439,anz,2026-09-25
01,0447,anz,2026-09-25
01,0450,anz,2026-09-25
01,0451,anz,2026-09-25
01,0455,anz,2026-09-25
01,0461,anz,2026-09-25
01,0467,anz,2026-09-25
01,0475,anz,2026-09-25
01,0482,anz,2026-09-25
01,0486,anz,2026-09-25
01,0487,anz,2026-09-25
01,0495,anz,2026-09-25
01,0504,anz,2026-09-25
01,0505,anz,2026-09-25
01,0509,anz,2026-09-25
01,0514,anz,2026-09-25
01,0517,anz,2026-09-25
01,0519,anz,2026-09-25
01,0527,anz,2026-09-25
01,0530,anz,2026-09-25
01,0533,anz,2026-09-25
01,0535,anz,2026-09-25
01,0537,anz,2026-09-25
01,0542,anz,2026-09-25
01,0546,anz,2026-09-25
01,0553,anz,2026-09-25
01,0557,anz,2026-09-25
01,0564,anz,2026-09-25
01,0586,anz,2026-09-25
01,0598,anz,2026-09-25
01,0607,anz,2026-09-25
01,0611,anz,2026-09-25
01,0623,anz,2026-09-25
01,0625,anz,2026-09-25
01,0635,anz,2026-09-25
01,0641,anz,2026-09-25
01,0646,anz,2026-09-25
01,0650,anz,2026-09-25
01,0651,anz,2026-09-25
01,0653,anz,2026-09-25
01,0662,anz,2026-09-25
01,0664,anz,2026-09-25
01,0666,anz,2026-09-25
01,0671,anz,2026-09-25
01,0676,anz,2026-09-25
01,0677,anz,2026-09-25
01,0678,anz,2026-09-25
01,0681,anz,2026-09-25
01,0682,anz,2026-09-25
01,0685,anz,2026-09-25
01,0691,anz,2026-09-25
01,0695,anz,2026-09-25
01,0697,anz,2026-09-25
01,0702,anz,2026-09-25
01,0707,anz,2026-09-25
01,0721,anz,2026-09-25
01,0723,anz,2026-09-25
01,0731,anz,2026-09-25
01,0735,anz,2026-09-25
01,0745,anz,2026-09-25
01,0748,anz,2026-09-25
01,0753,anz,2026-09-25
01,0754,anz,2026-09-25
01,0755,anz,2026-09-25
01,0759,anz,2026-09-25
01,0761,anz,2026-09-25
01,0763,anz,2026-09-25
01,0769,anz,2026-09-25
01,0770,anz,2026-09-25
01,0771,anz,2026-09-25
01,0777,anz,2026-09-25
01,0778,anz,2026-09-25
01,0782,anz,2026-09-25
01,0787,anz,2026-09-25
01,0790,anz,2026-09-25
01,0795,anz,2026-09-25
01,0797,anz,2026-09-25
01,0798,anz,2026-09-25
01,0804,anz,2026-09-25
01,0806,anz,2026-09-25
01,0811,anz,2026-09-25
01,0815,anz,2026-09-25
01,0819,anz,2026-09-25
01,0822,anz,2026-09-25
01,0825,anz,2026-09-25
01,0833,anz,2026-09-25
01,0834,anz,2026-09-25
01,0841,anz,2026-09-25
01,0843,anz,2026-09-25
01,0853,anz,2026-09-25
01,0867,anz,2026-09-25
01,0877,anz,2026-09-25
01,0885,anz,2026-09-25
01,0886,anz,2026-09-25
01,0893,anz,2026-09-25
01,0902,anz,2026-09-25
01,0906,anz,2026-09-25
01,0907,anz,2026-09-25
01,0913,anz,2026-09-25
01,0914,anz,2026-09-25
01,0926,anz,2026-09-25
01,0961,anz,2026-09-25
01,0963,anz,2026-09-25
01,0964,anz,2026-09-25
01,0979,anz,2026-09-25
01,0981,anz,2026-09-25
01,1101,anz,2026-09-25
01,1103,anz,2026-09-25
01,1104,anz,2026-09-25
01,1105,anz,2026-09-25
01,1106,anz,2026-09-25
01,1107,anz,2026-09-25
01,1108,anz,2026-09-25
01,1109,anz,2026-09-25
01,1110,anz,2026-09-25
01,1111,anz,2026-09-25
01,1112,anz,2026-09-25
01,1113,anz,2026-09-25
01,1114,anz,2026-09-25
01,1115,anz,2026-09-25
01,1116,anz,2026-09-25
01,1117,anz,2026-09-25
01,1118,anz,2026-09-25
01,1119,anz,2026-09-25
01,1120,anz,2026-09-25
01,1121,anz,2026-09-25
01,1122,anz,2026-09-25
01,1123,anz,2026-09-25
01,1124,anz,2026-09-25
01,1125,anz,2026-09-25
01,1128,anz,2026-09-25
01,1129,anz,2026-09-25
01,1130,anz,2026-09-25
01,1131,anz,2026-09-25
01,1132,anz,2026-09-25
01,1133,anz,2026-09-25
01,1134,anz,2026-09-25
01,1135,anz,2026-09-25
01,1136,anz,2026-09-25
01,1137,anz,2026-09-25
01,1138,anz,2026-09-25
01,1139,anz,2026-09-25
01,1140,anz,2026-09-25
01,1141,anz,2026-09-25
01,1142,anz,2026-09-25
01,1143,anz,2026-09-25
01,1144,anz,2026-09-25
01,1145,anz,2026-09-25
01,1146,anz,2026-09-25
01,1147,anz,2026-09-25
01,1148,anz,2026-09-25
01,1149,anz,2026-09-25
01,1150,anz,2026-09-25
01,1151,anz,2026-09-25
01,1152,anz,2026-09-25
01,1153,anz,2026-09-25
01,1155,anz,2026-09-25
01,1156,anz,2026-09-25
01,1157,anz,2026-09-25
01,1158,anz,2026-09-25
01,1159,anz,2026-09-25
01,1160,anz,2026-09-25
01,1161,anz,2026-09-25
01,1162,anz,2026-09-25
01,1163,anz,2026-09-25
01,1164,anz,2026-09-25
01,1165,anz,2026-09-25
01,1166,anz,2026-09-25
01,1167,anz,2026-09-25
01,1168,anz,2026-09-25
01,1169,anz,2026-09-25
01,1170,anz,2026-09-25
01,1171,anz,2026-09-25
01,1172,anz,2026-09-25
01,1173,anz,2026-09-25
01,1174,anz,2026-09-25
01,1175,anz,2026-09-25
01,1176,anz,2026-09-25
01,1177,anz,2026-09-25
01,1178,anz,2026-09-25
01,1179,anz,2026-09-25
01,1180,anz,2026-09-25
01,1181,anz,2026-09-25
01,1182,anz,2026-09-25
01,1183,anz,2026-09-25
01,1184,anz,2026-09-25
01,1185,anz,2026-09-25
01,1186,anz,2026-09-25
01,1187,anz,2026-09-25
01,1188,anz,2026-09-25
01,1189,anz,2026-09-25
01,1190,anz,2026-09-25
01,1191,anz,2026-09-25
01,1192,anz,2026-09-25
01,1193,anz,2026-09-25
01,1194,anz,2026-09-25
01,1195,anz,2026-09-25
01,1197,anz,2026-09-25
01,1198,anz,2026-09-25
01,1199,anz,2026-09-25
01,1800,anz,2026-09-25
01,1801,anz,2026-09-25
01,1802,anz,2026-09-25
01,1803,anz,2026-09-25
01,1804,anz,2026-09-25
01,1805,anz,2026-09-25
01,1806,anz,2026-09-25
01,1807,anz,2026-09-25
01,1808,anz,2026-09-25
01,1809,anz,2026-09-25
01,1811,anz,2026-09-25
01,1812,anz,2026-09-25
01,1813,anz,2026-09-25
01,1814,anz,2026-09-25
01,1815,anz,2026-09-25
01,1816,anz,2026-09-25
01,1817,anz,2026-09-25
01,1818,anz,2026-09-25
01,1819,anz,2026-09-25
01,1820,anz,2026-09-25
01,1821,anz,2026-09-25
01,1822,anz,2026-09-25
01,1823,anz,2026-09-25
01,1824,anz,2026-09-25
01,1825,anz,2026-09-25
01,1826,anz,2026-09-25
01,1827,anz,2026-09-25
01,1828,anz,2026-09-25
01,1829,anz,2026-09-25
01,1830,anz,2026-09-25
01,1831,anz,2026-09-25
01,1832,anz,2026-09-25
01,1833,anz,2026-09-25
01,1834,anz,2026-09-25
01,1835,anz,2026-09-25
01,1836,anz,2026-09-25
01,1837,anz,2026-09-25
01,1838,anz,2026-09-25
01,1839,anz,2026-09-25
01,1840,anz,2026-09-25
01,1841,anz,2026-09-25
01,1842,anz,2026-09-25
01,1843,anz,2026-09-25
01,1844,anz,2026-09-25
01,1845,anz,2026-09-25
01,1846,anz,2026-09-25
01,1847,anz,2026-09-25
01,1848,anz,2026-09-25
01,1849,anz,2026-09-25
01,1850,anz,2026-09-25
01,1851,anz,2026-09-25
01,1852,anz,2026-09-25
01,1853,anz,2026-09-25
01,1854,anz,2026-09-25
01,1881,anz,2026-09-25
01,1888,anz,2026-09-25
01,1889,anz,2026-09-25
01,6150,anz,2026-09-25
02,0018,bnz,2026-09-25
02,0040,bnz,2026-09-25
02,0100,bnz,2026-09-25
02,0108,bnz,2026-09-25
02,0110,bnz,2026-09-25
02,0112,bnz,2026-09-25
02,0120,bnz,2026-09-25
02,0124,bnz,2026-09-25
02,0128,bnz,2026-09-25
02,0130,bnz,2026-09-25
02,0135,bnz,2026-09-25
02,0136,bnz,2026-09-25
02,0139,bnz,2026-09-25
02,0144,bnz,2026-09-25
02,0148,bnz,2026-09-25
02,0151,bnz,2026-09-25
02,0152,bnz,2026-09-25
02,0157,bnz,2026-09-25
02,0159,bnz,2026-09-25
02,0160,bnz,2026-09-25
02,0167,bnz,2026-09-25
02,0168,bnz,2026-09-25
02,0176,bnz,2026-09-25
02,0184,bnz,2026-09-25
02,0191,bnz,2026-09-25
02,0192,bnz,2026-09-25
02,0200,bnz,2026-09-25
02,0208,bnz,2026-09-25
02,0213,bnz,2026-09-25
02,0214,bnz,2026-09-25
02,0216,bnz,2026-09-25
02,0223,bnz,2026-09-25
02,0224,bnz,2026-09-25
02,0232,bnz,2026-09-25
02,0238,bnz,2026-09-25
02,0240,bnz,2026-09-25
02,0248,bnz,2026-09-25
02,0256,bnz,2026-09-25
02,0261,bnz,2026-09-25
02,0264,bnz,2026-09-25
02,0271,bnz,2026-09-25
02,0272,bnz,2026-09-25
02,0278,bnz,2026-09-25
02,0280,bnz,2026-09-25
02,0290,bnz,2026-09-25
02,0300,bnz,2026-09-25
02,0304,bnz,2026-09-25
02,0308,bnz,2026-09-25
02,0312,bnz,2026-09-25
02,0316,bnz,2026-09-25
02,0320,bnz,2026-09-25
02,0324,bnz,2026-09-25
02,0328,bnz,2026-09-25
02,0332,bnz,2026-09-25
02,0336,bnz,2026-09-25
02,0340,bnz,2026-09-25
02,0341,bnz,2026-09-25
02,0342,bnz,2026-09-25
02,0343,bnz,2026-09-25
02,0348,bnz,2026-09-25
02,0352,bnz,2026-09-25
02,0358,bnz,2026-09-25
02,0360,bnz,2026-09-25
02,0364,bnz,2026-09-25
02,0368,bnz,2026-09-25
02,0372,bnz,2026-09-25
02,0376,bnz,2026-09-25
02,0378,bnz,2026-09-25
02,0380,bnz,2026-09-25
02,0386,bnz,2026-09-25
02,0388,bnz,2026-09-25
02,0390,bnz,2026-09-25
02,0392,bnz,2026-09-25
02,0396,bnz,2026-09-25
02,0400,bnz,2026-09-25
02,0404,bnz,2026-09-25
02,0408,bnz,2026-09-25
02,0410,bnz,2026-09-25
02,0412,bnz,2026-09-25
02,0416,bnz,2026-09-25
02,0424,bnz,2026-09-25
02,0428,bnz,2026-09-25
02,0432,bnz,2026-09-25
02,0436,bnz,2026-09-25
02,0440,bnz,2026-09-25
02,0444,bnz,2026-09-25
02,0448,bnz,2026-09-25
02,0452,bnz,2026-09-25
02,0454,bnz,2026-09-25
02,0456,bnz,2026-09-25
02,0464,bnz,2026-09-25
02,0466,bnz,2026-09-25
02,0468,bnz,2026-09-25
02,0470,bnz,2026-09-25
02,0472,bnz,2026-09-25
02,0476,bnz,2026-09-25
02,0478,bnz,2026-09-25
02,0480,bnz,2026-09-25
02,0484,bnz,2026-09-25
02,0488,bnz,2026-09-25
02,0492,bnz,2026-09-25
02,0494,bnz,2026-09-25
02,0496,bnz,2026-09-25
02,0499,bnz,2026-09-25
02,0500,bnz,2026-09-25
02,0506,bnz,2026-09-25
02,0512,bnz,2026-09-25
02,0520,bnz,2026-09-25
02,0524,bnz,2026-09-25
02,0528,bnz,2026-09-25
02,0534,bnz,2026-09-25
02,0536,bnz,2026-09-25
02,0540,bnz,2026-09-25
02,0544,bnz,2026-09-25
02,0548,bnz,2026-09-25
02,0551,bnz,2026-09-25
02,0552,bnz,2026-09-25
02,0554,bnz,2026-09-25
02,0555,bnz,2026-09-25
02,0560,bnz,2026-09-25
02,0562,bnz,2026-09-25
02,0563,bnz,2026-09-25
02,0568,bnz,2026-09-25
02,0570,bnz,2026-09-25
02,0573,bnz,2026-09-25
02,0576,bnz,2026-09-25
02,0585,bnz,2026-09-25
02,0590,bnz,2026-09-25
02,0591,bnz,2026-09-25
02,0600,bnz,2026-09-25
02,0602,bnz,2026-09-25
02,0604,bnz,2026-09-25
02,0608,bnz,2026-09-25
02,0610,bnz,2026-09-25
02,0612,bnz,2026-09-25
02,0620,bnz,2026-09-25
02,0624,bnz,2026-09-25
02,0628,bnz,2026-09-25
02,0630,bnz,2026-09-25
02,0632,bnz,2026-09-25
02,0636,bnz,2026-09-25
02,0640,bnz,2026-09-25
02,0644,bnz,2026-09-25
02,0648,bnz,2026-09-25
02,0652,bnz,2026-09-25
02,0655,bnz,2026-09-25
02,0656,bnz,2026-09-25
02,0659,bnz,2026-09-25
02,0668,bnz,2026-09-25
02,0672,bnz,2026-09-25
02,0673,bnz,2026-09-25
02,0680,bnz,2026-09-25
02,0684,bnz,2026-09-25
02,0686,bnz,2026-09-25
02,0688,bnz,2026-09-25
02,0692,bnz,2026-09-25
02,0700,bnz,2026-09-25
02,0704,bnz,2026-09-25
02,0708,bnz,2026-09-25
02,0712,bnz,2026-09-25
02,0716,bnz,2026-09-25
02,0719,bnz,2026-09-25
02,0720,bnz,2026-09-25
02,0724,bnz,2026-09-25
02,0727,bnz,2026-09-25
02,0733,bnz,2026-09-25
02,0740,bnz,2026-09-25
02,0741,bnz,2026-09-25
02,0747,bnz,2026-09-25
02,0756,bnz,2026-09-25
02,0760,bnz,2026-09-25
02,0764,bnz,2026-09-25
02,0766,bnz,2026-09-25
02,0772,bnz,2026-09-25
02,0776,bnz,2026-09-25
02,0780,bnz,2026-09-25
02,0784,bnz,2026-09-25
02,0788,bnz,2026-09-25
02,0792,bnz,2026-09-25
02,0796,bnz,2026-09-25
02,0800,bnz,2026-09-25
02,0808,bnz,2026-09-25
02,0810,bnz,2026-09-25
02,0816,bnz,2026-09-25
02,0820,bnz,2026-09-25
02,0828,bnz,2026-09-25
02,0832,bnz,2026-09-25
02,0836,bnz,2026-09-25
02,0840,bnz,2026-09-25
02,0842,bnz,2026-09-25
02,0844,bnz,2026-09-25
02,0848,bnz,2026-09-25
02,0852,bnz,2026-09-25
02,0856,bnz,2026-09-25
02,0858,bnz,2026-09-25
02,0860,bnz,2026-09-25
02,0863,bnz,2026-09-25
02,0864,bnz,2026-09-25
02,0865,bnz,2026-09-25
02,0868,bnz,2026-09-25
02,0871,bnz,2026-09-25
02,0874,bnz,2026-09-25
02,0875,bnz,2026-09-25
02,0876,bnz,2026-09-25
02,0880,bnz,2026-09-25
02,0884,bnz,2026-09-25
02,0888,bnz,2026-09-25
02,0892,bnz,2026-09-25
02,0896,bnz,2026-09-25
02,0900,bnz,2026-09-25
02,0908,bnz,2026-09-25
02,0910,bnz,2026-09-25
02,0912,bnz,2026-09-25
02,0916,bnz,2026-09-25
02,0918,bnz,2026-09-25
02,0920,bnz,2026-09-25
02,0922,bnz,2026-09-25
02,0924,bnz,2026-09-25
02,0929,bnz,2026-09-25
02,0930,bnz,2026-09-25
02,0935,bnz,2026-09-25
02,0938,bnz,2026-09-25
02,0940,bnz,2026-09-25
02,0944,bnz,2026-09-25
02,0946,bnz,2026-09-25
02,0948,bnz,2026-09-25
02,0950,bnz,2026-09-25
02,0953,bnz,2026-09-25
02,0957,bnz,2026-09-25
02,0959,bnz,2026-09-25
02,0965,bnz,2026-09-25
02,0975,bnz,2026-09-25
02,0985,bnz,2026-09-25
02,0987,bnz,2026-09-25
02,0989,bnz,2026-09-25
02,0993,bnz,2026-09-25
02,0995,bnz,2026-09-25
02,1201,bnz,2026-09-25
02,1202,bnz,2026-09-25
02,1203,bnz,2026-09-25
02,1204,bnz,2026-09-25
02,1206,bnz,2026-09-25
02,1207,bnz,2026-09-25
02,1209,bnz,2026-09-25
02,1210,bnz,2026-09-25
02,1211,bnz,2026-09-25
02,1212,bnz,2026-09-25
02,1213,bnz,2026-09-25
02,1214,bnz,2026-09-25
02,1215,bnz,2026-09-25
02,1216,bnz,2026-09-25
02,1217,bnz,2026-09-25
02,1218,bnz,2026-09-25
02,1219,bnz,2026-09-25
02,1220,bnz,2026-09-25
02,1221,bnz,2026-09-25
02,1222,bnz,2026-09-25
02,1223,bnz,2026-09-25
02,1225,bnz,2026-09-25
02,1226,bnz,2026-09-25
02,1227,bnz_agency,2026-09-25
02,1228,bnz,2026-09-25
02,1229,bnz,2026-09-25
02,1230,bnz,2026-09-25
02,1231,bnz,2026-09-25
02,1232,bnz,2026-09-25
02,1233,bnz,2026-09-25
02,1234,bnz,2026-09-25
02,1235,bnz,2026-09-25
02,1236,bnz,2026-09-25
02,1237,bnz,2026-09-25
02,1238,bnz,2026-09-25
02,1239,bnz,2026-09-25
02,1240,bnz,2026-09-25
02,1241,kookmin,2026-01-05
02,1242,coop,2026-09-25
02,1243,bnz_agency,2026-09-25
02,1244,bnz,2026-09-25
02,1245,coop,2026-09-25
02,1246,coop,2026-09-25
02,1247,coop,2026-09-25
02,1248,coop,2026-09-25
02,1249,coop,2026-09-25
02,1250,bnz,2026-09-25
02,1251,bnz,2026-09-25
02,1252,bnz,2026-09-25
02,1253,bnz,2026-09-25
02,1254,bnz,2026-09-25
02,1255,bnz_agency,2026-09-25
02,1256,bnz,2026-09-25
02,1257,bnz,2026-09-25
02,1258,bnz,2026-09-25
02,1259,bnz,2026-09-25
02,1260,bnz,2026-09-25
02,1261,bnz,2026-09-25
02,1262,bnz,2026-09-25
02,1263,bnz,2026-09-25
02,1264,bnz,2026-09-25
02,1265,bnz,2026-09-25
02,1266,bnz,2026-09-25
02,1267,bnz,2026-09-25
02,1268,bnz,2026-09-25
02,1269,bnz,2026-09-25
02,1271,awhi,2026-09-25
02,1272,bnz,2026-09-25
02,1273,baroda,2026-09-25
02,1274,bnz,2026-09-25
02,1275,bnz,2026-09-25
02,1276,bnz,2026-09-25
02,1278,bnz,2026-09-25
02,1280,bnz_agency,2026-09-25
02,1281,bnz_agency,2026-09-25
02,1283,bnz_agency,2026-09-25
02,1284,bnz_agency,2024-03-18
02,1285,bnz,2026-09-25
02,1286,bnz,2026-09-25
02,1288,bnz_agency,2026-09-25
02,1289,wise,2026-09-25
02,1290,wise,2026-09-25
02,1291,wise,2026-09-25
02,1292,wise,2026-09-25
02,1294,bnz_agency,2026-09-25
02,1295,bnz_agency,2026-09-25
02,1296,bnz_agency,2026-09-25
02,1297,bnz_agency,2026-09-25
02,1298,bnz,2026-09-25
02,1299,bnz_agency,2026-09-25
02,2025,bnz,2026-09-25
02,2026,bnz,2026-09-25
02,2027,bnz,2026-09-25
02,2028,bnz,2026-09-25
02,2029,bnz,2026-09-25
02,2030,bnz,2026-09-25
02,2031,bnz,2026-09-25
02,2032,bnz,2026-09-25
02,2033,bnz,2026-09-25
02,2034,bnz,2026-09-25
02,2035,bnz,2026-09-25
02,2036,bnz,2026-09-25
02,2037,bnz,2026-09-25
02,2038,bnz,2026-09-25
02,2039,bnz,2026-09-25
02,2040,bnz,2026-09-25
02,2041,bnz,2026-09-25
02,2042,bnz,2026-09-25
02,2043,bnz,2026-09-25
02,2044,bnz,2026-09-25
02,2045,bnz,2026-09-25
02,2046,bnz,2026-09-25
02,2047,bnz,2026-09-25
02,2048,bnz,2026-09-25
02,2049,bnz,2026-09-25
02,2050,bnz,2026-09-25
02,2051,bnz,2026-09-25
02,2052,bnz,2026-09-25
02,2053,bnz,2026-09-25
02,2054,bnz,2026-09-25
02,2055,bnz,2026-09-25
03,0031,westpac,2026-09-25
03,0032,westpac,2026-09-25
03,0043,westpac,2026-09-25
03,0044,westpac,2026-09-25
03,0047,westpac,2026-09-25
03,0048,westpac,2026-09-25
03,0049,westpac,2026-09-25
03,0059,westpac,2026-09-25
03,0060,westpac,2026-09-25
03,0062,westpac,2026-09-25
03,0065,westpac,2026-09-25
03,0072,westpac,2026-09-25
03,0099,westpac,2026-09-25
03,0104,westpac,2026-09-25
03,0105,westpac,2026-09-25
03,0109,westpac,2026-09-25
03,0114,westpac,2026-09-25
03,0116,westpac,2026-09-25
03,0118,westpac,2026-09-25
03,0123,westpac,2026-09-25
03,0127,westpac,2026-09-25
03,0132,westpac,2026-09-25
03,0133,westpac,2026-09-25
03,0138,westpac,2026-09-25
03,0140,westpac,2026-09-25
03,0146,westpac,2026-09-25
03,0149,westpac,2026-09-25
03,0150,westpac,2026-09-25
03,0155,westpac,2026-09-25
03,0156,westpac,2026-09-25
03,0162,westpac,2026-09-25
03,0166,westpac,2026-09-25
03,0173,westpac,2026-09-25
03,0174,westpac,2026-09-25
03,0175,westpac,2026-09-25
03,0179,westpac,2026-09-25
03,0180,westpac,2026-09-25
03,0181,westpac,2026-09-25
03,0187,westpac,2026-09-25
03,0189,westpac,2026-09-25
03,0195,westpac,2026-09-25
03,0196,westpac,2026-09-25
03,0198,westpac,2026-09-25
03,0203,westpac,2026-09-25
03,0206,westpac,2026-09-25
03,0207,westpac,2026-09-25
03,0211,westpac,2026-09-25
03,0212,westpac,2026-09-25
03,0219,westpac,2026-09-25
03,0220,westpac,2026-09-25
03,0227,westpac,2026-09-25
03,0228,westpac,2026-09-25
03,0231,westpac,2026-09-25
03,0239,westpac,2026-09-25
03,0243,westpac,2026-09-25
03,0250,westpac,2026-09-25
03,0251,westpac,2026-09-25
03,0252,westpac,2026-09-25
03,0253,westpac,2026-09-25
03,0255,westpac,2026-09-25
03,0259,westpac,2026-09-25
03,0263,westpac,2026-09-25
03,0267,westpac,2026-09-25
03,0268,westpac,2026-09-25
03,0269,westpac,2026-09-25
03,0275,westpac,2026-09-25
03,0276,westpac,2026-09-25
03,0282,westpac,2026-09-25
03,0283,westpac,2026-09-25
03,0285,westpac,2026-09-25
03,0291,westpac,2026-09-25
03,0292,westpac,2026-09-25
03,0296,westpac,2026-09-25
03,0303,westpac,2026-09-25
03,0305,westpac,2026-09-25
03,0306,westpac,2026-09-25
03,0314,westpac,2026-09-25
03,0318,westpac,2026-09-25
03,0319,westpac,2026-09-25
03,0326,westpac,2026-09-25
03,0334,westpac,2026-09-25
03,0339,westpac,2026-09-25
03,0345,westpac,2026-09-25
03,0346,westpac,2026-09-25
03,0347,westpac,2026-09-25
03,0351,westpac,2026-09-25
03,0355,westpac,2026-09-25
03,0356,westpac,2026-09-25
03,0363,westpac,2026-09-25
03,0366,westpac,2026-09-25
03,0371,westpac,2026-09-25
03,0374,westpac,2026-09-25
03,0385,westpac,2026-09-25
03,0389,westpac,2026-09-25
03,0394,westpac,2026-09-25
03,0399,westpac,2026-09-25
03,0406,westpac,2026-09-25
03,0407,westpac,2026-09-25
03,0415,westpac,2026-09-25
03,0417,westpac,2026-09-25
03,0418,westpac,2026-09-25
03,0419,westpac,2026-09-25
03,0423,westpac,2026-09-25
03,0426,westpac,2026-09-25
03,0430,westpac,2026-09-25
03,0431,westpac,2026-09-25
03,0435,westpac,2026-09-25
03,0442,westpac,2026-09-25
03,0443,westpac,2026-09-25
03,0445,westpac,2026-09-25
03,0446,westpac,2026-09-25
03,0449,westpac,2026-09-25
03,0458,westpac,2026-09-25
03,0463,westpac,2026-09-25
03,0474,westpac,2026-09-25
03,0481,westpac,2026-09-25
03,0485,westpac,2026-09-25
03,0490,westpac,2026-09-25
03,0497,westpac,2026-09-25
03,0498,westpac,2026-09-25
03,0502,westpac,2026-09-25
03,0503,westpac,2026-09-25
03,0510,westpac,2026-09-25
03,0511,westpac,2026-09-25
03,0515,westpac,2026-09-25
03,0518,westpac,2026-09-25
03,0521,westpac,2026-09-25
03,0522,westpac,2026-09-25
03,0525,westpac,2026-09-25
03,0531,westpac,2026-09-25
03,0532,westpac,2026-09-25
03,0538,westpac,2026-09-25
03,0539,westpac,2026-09-25
03,0543,westpac,2026-09-25
03,0547,westpac,2026-09-25
03,0550,westpac,2026-09-25
03,0558,westpac,2026-09-25
03,0559,westpac,2026-09-25
03,0566,westpac,2026-09-25
03,0567,westpac,2026-09-25
03,0572,westpac,2026-09-25
03,0578,westpac,2026-09-25
03,0579,westpac,2026-09-25
03,0584,westpac,2026-09-25
03,0587,westpac,2026-09-25
03,0588,westpac,2026-09-25
03,0595,westpac,2026-09-25
03,0597,westpac,2026-09-25
03,0599,westpac,2026-09-25
03,0605,westpac,2026-09-25
03,0609,westpac,2026-09-25
03,0614,westpac,2026-09-25
03,0615,westpac,2026-09-25
03,0617,westpac,2026-09-25
03,0618,westpac,2026-09-25
03,0619,westpac,2026-09-25
03,0626,westpac,2026-09-25
03,0627,westpac,2026-09-25
03,0631,westpac,2026-09-25
03,0633,westpac,2026-09-25
03,0638,westpac,2026-09-25
03,0639,westpac,2026-09-25
03,0642,westpac,2026-09-25
03,0643,westpac,2026-09-25
03,0647,westpac,2026-09-25
03,0654,westpac,2026-09-25
03,0657,westpac,2026-09-25
03,0658,westpac,2026-09-25
03,0661,westpac,2026-09-25
03,0667,westpac,2026-09-25
03,0670,westpac,2026-09-25
03,0674,westpac,2026-09-25
03,0675,westpac,2026-09-25
03,0683,westpac,2026-09-25
03,0687,westpac,2026-09-25
03,0690,westpac,2026-09-25
03,0693,westpac,2026-09-25
03,0698,westpac,2026-09-25
03,0699,westpac,2026-09-25
03,0703,westpac,2026-09-25
03,0706,westpac,2026-09-25
03,0710,westpac,2026-09-25
03,0711,westpac,2026-09-25
03,0713,westpac,2026-09-25
03,0715,westpac,2026-09-25
03,0718,westpac,2026-09-25
03,0722,westpac,2026-09-25
03,0725,westpac,2026-09-25
03,0726,westpac,2026-09-25
03,0728,westpac,2026-09-25
03,0732,westpac,2026-09-25
03,0734,westpac,2026-09-25
03,0737,westpac,2026-09-25
03,0739,westpac,2026-09-25
03,0742,westpac,2026-09-25
03,0749,westpac,2026-09-25
03,0750,westpac,2026-09-25
03,0751,westpac,2026-09-25
03,0758,westpac,2026-09-25
03,0762,westpac,2026-09-25
03,0767,westpac,2026-09-25
03,0774,westpac,2026-09-25
03,0775,westpac,2026-09-25
03,0779,westpac,2026-09-25
03,0783,westpac,2026-09-25
03,0785,westpac,2026-09-25
03,0786,westpac,2026-09-25
03,0791,westpac,2026-09-25
03,0794,westpac,2026-09-25
03,0799,westpac,2026-09-25
03,0802,westpac,2026-09-25
03,0803,westpac,2026-09-25
03,0809,westpac,2026-09-25
03,0813,westpac,2026-09-25
03,0814,westpac,2026-09-25
03,0818,westpac,2026-09-25
03,0823,westpac,2026-09-25
03,0824,westpac,2026-09-25
03,0826,westpac,2026-09-25
03,0827,westpac,2026-09-25
03,0830,westpac,2026-09-25
03,0835,westpac,2026-09-25
03,0838,westpac,2026-09-25
03,0839,westpac,2026-09-25
03,0846,westpac,2026-09-25
03,0847,westpac,2026-09-25
03,0850,westpac,2026-09-25
03,0854,westpac,2026-09-25
03,0855,westpac,2026-09-25
03,0857,westpac,2026-09-25
03,0859,westpac,2026-09-25
03,0861,westpac,2026-09-25
03,0866,westpac,2026-09-25
03,0873,westpac,2026-09-25
03,0881,westpac,2026-09-25
03,0883,westpac,2026-09-25
03,0887,westpac,2026-09-25
03,0890,westpac,2026-09-25
03,0895,westpac,2026-09-25
03,0897,westpac,2026-09-25
03,0898,westpac,2026-09-25
03,0903,westpac,2026-09-25
03,0904,westpac,2026-09-25
03,0905,westpac,2026-09-25
03,0915,westpac,2026-09-25
03,0931,westpac,2026-09-25
03,0933,westpac,2026-09-25
03,0934,westpac,2026-09-25
03,0937,westpac,2026-09-25
03,0947,westpac,2026-09-25
03,0951,westpac,2026-09-25
03,0960,westpac,2026-09-25
03,0962,westpac,2026-09-25
03,0978,westpac,2026-09-25
03,0990,westpac,2026-09-25
03,1300,westpac,2026-09-25
03,1301,westpac,2026-09-25
03,1302,westpac,2026-09-25
03,1303,westpac,2026-09-25
03,1304,westpac,2026-09-25
03,1305,westpac,2026-09-25
03,1306,westpac,2026-09-25
03,1307,westpac,2026-09-25
03,1308,westpac,2026-09-25
03,1309,westpac,2026-09-25
03,1310,westpac,2026-09-25
03,1311,westpac,2026-09-25
03,1312,westpac,2026-09-25
03,1313,westpac,2026-09-25
03,1314,westpac,2026-09-25
03,1315,westpac,2026-09-25
03,1316,westpac,2026-09-25
03,1317,westpac,2026-09-25
03,1318,westpac,2026-09-25
03,1319,westpac,2026-09-25
03,1320,westpac,2026-09-25
03,1321,westpac,2026-09-25
03,1322,westpac,2026-09-25
03,1323,westpac,2026-09-25
03,1324,westpac,2026-09-25
03,1325,westpac,2026-09-25
03,1326,westpac,2026-09-25
03,1327,westpac,2026-09-25
03,1328,westpac,2026-09-25
03,1329,westpac,2026-09-25
03,1330,westpac,2026-09-25
03,1331,westpac,2026-09-25
03,1332,westpac,2026-09-25
03,1333,westpac,2026-09-25
03,1334,westpac,2026-09-25
03,1335,westpac,2026-09-25
03,1340,warehouse_money,2026-09-25
03,1341,westpac_agency,2026-09-25
03,1342,westpac,2026-09-25
03,1350,mufg,2026-09-25
03,1351,westpac_agency,2026-09-25
03,1352,westpac_agency,2026-09-25
03,1353,westpac_agency,2026-09-25
03,1354,westpac_agency,2026-09-25
03,1355,westpac_agency,2026-09-25
03,1356,westpac_agency,2026-09-25
03,1357,westpac_agency,2026-09-25
03,1358,westpac_agency,2026-09-25
03,1359,westpac_agency,2026-09-25
03,1360,westpac_agency,2026-09-25
03,1361,westpac_agency,2026-09-25
03,1362,westpac_agency,2026-09-25
03,1363,westpac_agency,2026-09-25
03,1364,westpac_agency,2026-09-25
03,1365,westpac_agency,2026-09-25
03,1366,westpac_agency,2026-09-25
03,1367,westpac_agency,2026-09-25
03,1368,westpac_agency,2026-09-25
03,1369,westpac_agency,2026-09-25
03,1370,westpac,2026-09-25
03,1371,westpac,2026-09-25
03,1372,westpac,2026-09-25
03,1382,westpac,2026-09-25
03,1383,westpac,2026-09-25
03,1384,westpac,2026-09-25
03,1385,westpac,2026-09-25
03,1386,westpac,2026-09-25
03,1387,westpac,2026-09-25
03,1388,westpac,2026-09-25
03,1389,westpac,2026-09-25
03,1390,westpac,2026-09-25
03,1391,westpac,2026-09-25
03,1392,westpac,2026-09-25
03,1393,westpac,2026-09-25
03,1394,westpac,2026-09-25
03,1395,westpac,2026-09-25
03,1396,westpac,2026-09-25
03,1397,westpac,2026-09-25
03,1398,westpac,2026-09-25
03,1399,westpac,2026-09-25
03,1500,westpac,2026-09-25
03,1501,westpac,2026-09-25
03,1502,westpac,2026-09-25
03,1503,westpac,2026-09-25
03,1504,westpac,2026-09-25
03,1505,westpac,2026-09-25
03,1506,westpac,2026-09-25
03,1507,westpac,2026-09-25
03,1508,westpac,2026-09-25
03,1509,westpac,2026-09-25
03,1510,westpac,2026-09-25
03,1512,westpac,2026-09-25
03,1513,westpac,2026-09-25
03,1514,westpac,2026-09-25
03,1515,westpac,2026-09-25
03,1516,westpac,2026-09-25
03,1517,westpac,2026-09-25
03,1518,westpac,2026-09-25
03,1519,westpac,2026-09-25
03,1520,westpac,2026-09-25
03,1521,westpac,2026-09-25
03,1522,westpac,2026-09-25
03,1523,westpac,2026-09-25
03,1524,westpac,2026-09-25
03,1525,westpac,2026-09-25
03,1526,westpac,2026-09-25
03,1527,westpac,2026-09-25
03,1528,westpac,2026-09-25
03,1529,westpac,2026-09-25
03,1530,westpac,2026-09-25
03,1531,westpac,2026-09-25
03,1532,westpac,2026-09-25
03,1533,westpac,2026-09-25
03,1534,westpac,2026-09-25
03,1535,westpac,2026-09-25
03,1536,westpac,2026-09-25
03,1537,westpac,2026-09-25
03,1538,westpac,2026-09-25
03,1539,westpac,2026-09-25
03,1540,westpac,2026-09-25
03,1544,westpac,2026-09-25
03,1545,westpac,2026-09-25
03,1546,westpac,2026-09-25
03,1547,westpac,2026-09-25
03,1548,westpac,2026-09-25
03,1549,westpac,2026-09-25
03,1550,westpac,2026-09-25
03,1551,westpac,2026-09-25
03,1552,westpac,2026-09-25
03,1553,westpac,2026-09-25
03,1555,westpac,2026-09-25
03,1556,westpac,2026-09-25
03,1557,westpac,2026-09-25
03,1558,westpac,2026-09-25
03,1559,westpac,2026-09-25
03,1560,westpac,2026-09-25
03,1561,westpac,2026-09-25
03,1562,westpac,2026-09-25
03,1563,westpac,2026-09-25
03,1564,westpac,2026-09-25
03,1565,westpac,2026-09-25
03,1566,westpac,2026-09-25
03,1567,westpac,2026-09-25
03,1568,westpac,2026-09-25
03,1570,westpac,2026-09-25
03,1571,westpac,2026-09-25
03,1572,westpac,2026-09-25
03,1573,westpac,2026-09-25
03,1574,westpac,2026-09-25
03,1575,westpac,2026-09-25
03,1576,westpac,2026-09-25
03,1577,westpac,2026-09-25
03,1578,westpac,2026-09-25
03,1582,westpac,2026-09-25
03,1583,westpac,2026-09-25
03,1584,westpac,2026-09-25
03,1585,westpac,2026-09-25
03,1586,westpac,2026-09-25
03,1587,westpac,2026-09-25
03,1588,westpac,2026-09-25
03,1590,westpac,2026-09-25
03,1591,westpac,2026-09-25
03,1592,westpac,2026-09-25
03,1593,westpac,2026-09-25
03,1594,westpac,2026-09-25
03,1595,westpac,2026-09-25
03,1596,westpac,2026-09-25
03,1597,westpac,2026-09-25
03,1598,westpac,2026-09-25
03,1599,westpac,2026-09-25
03,1700,westpac,2026-09-25
03,1701,westpac,2026-09-25
03,1702,westpac,2026-09-25
03,1703,westpac,2026-09-25
03,1704,westpac,2026-09-25
03,1705,westpac,2026-09-25
03,1706,westpac,2026-09-25
03,1707,westpac,2026-09-25
03,1709,westpac,2026-09-25
03,1710,westpac,2026-09-25
03,1711,westpac,2026-09-25
03,1714,westpac,2026-09-25
03,1715,westpac,2026-09-25
03,1716,westpac,2026-09-25
03,1717,westpac,2026-09-25
03,1718,westpac,2026-09-25
03,1719,westpac,2026-09-25
03,1720,westpac,2026-09-25
03,1725,westpac,2026-09-25
03,1726,westpac,2026-09-25
03,1727,westpac,2026-09-25
03,1728,westpac,2026-09-25
03,1729,westpac,2026-09-25
03,1730,westpac,2026-09-25
03,1732,westpac,2026-09-25
03,1733,westpac,2026-09-25
03,1734,westpac,2026-09-25
03,1735,westpac,2026-09-25
03,1736,westpac,2026-09-25
03,1737,westpac,2026-09-25
03,1738,westpac,2026-09-25
03,1739,westpac,2026-09-25
03,1742,westpac,2026-09-25
03,1743,westpac,2026-09-25
03,1744,westpac,2026-09-25
03,1745,westpac,2026-09-25
03,1746,westpac,2026-09-25
03,1747,westpac,2026-09-25
03,1748,westpac,2026-09-25
03,1749,westpac,2026-09-25
03,1750,westpac,2026-09-25
03,1751,westpac_agency,2026-09-25
03,1752,westpac_agency,2026-09-25
03,1753,westpac_agency,2026-09-25
03,1754,westpac_agency,2026-09-25
03,1755,westpac_agency,2026-09-25
03,1756,westpac_agency,2026-09-25
03,1757,westpac_agency,2026-09-25
03,1758,westpac_agency,2026-09-25
03,1759,westpac_agency,2026-09-25
03,1760,westpac_agency,2026-09-25
03,1761,westpac_agency,2026-09-25
03,1762,westpac_agency,2026-09-25
03,1763,westpac_agency,2026-09-25
03,1764,westpac_agency,2026-09-25
03,1765,westpac_agency,2026-09-25
03,1766,westpac_agency,2026-09-25
03,1767,westpac_agency,2026-09-25
03,1768,westpac_agency,2026-09-25
03,1769,westpac_agency,2026-09-25
03,1770,westpac_agency,2026-09-25
03,1771,westpac_agency,2026-09-25
03,1772,westpac_agency,2026-09-25
03,1773,westpac_agency,2026-09-25
03,1774,westpac_agency,2026-09-25
03,1775,westpac_agency,2026-09-25
03,1776,westpac_agency,2026-09-25
03,1777,westpac_agency,2026-09-25
03,1778,westpac_agency,2026-09-25
03,1779,westpac_agency,2026-09-25
03,1780,westpac_agency,2026-09-25
03,1781,westpac_agency,2026-09-25
03,1782,westpac_agency,2026-09-25
03,1783,westpac_agency,2026-09-25
03,1784,westpac_agency,2026-09-25
03,1785,westpac_agency,2026-09-25
03,1786,westpac_agency,2026-09-25
03,1787,westpac_agency,2026-09-25
03,1788,westpac_agency,2026-09-25
03,1789,westpac_agency,2026-09-25
03,1790,westpac_agency,2026-09-25
03,1791,westpac_agency,2026-09-25
03,1792,westpac_agency,2026-09-25
03,1793,westpac_agency,2026-09-25
03,1794,westpac_agency,2026-09-25
03,1795,westpac_agency,2026-09-25
03,1796,westpac_agency,2026-09-25
03,1797,westpac_agency,2026-09-25
03,1798,westpac_agency,2026-09-25
03,1799,westpac_agency,2026-09-25
03,1900,westpac_agency,2026-09-25
03,1901,westpac_agency,2026-09-25
03,1902,westpac_agency,2026-09-25
03,1903,westpac_agency,2026-09-25
03,1904,westpac_agency,2026-09-25
03,1905,westpac_agency,2026-09-25
03,1906,westpac_agency,2026-09-25
03,1907,westpac_agency,2026-09-25
03,1908,westpac_agency,2026-09-25
03,1909,westpac_agency,2026-09-25
03,1910,westpac_agency,2026-09-25
03,1911,westpac_agency,2026-09-25
03,1912,westpac_agency,2026-09-25
03,1913,westpac_agency,2026-09-25
03,1914,westpac_agency,2026-09-25
03,1915,westpac_agency,2026-09-25
03,1916,westpac_agency,2026-09-25
03,1917,westpac_agency,2026-09-25
03,1918,westpac_agency,2026-09-25
03,1919,westpac_agency,2026-09-25
03,5050,westpac,2026-09-25
03,7355,westpac,2026-09-25
04,2014,anz,2026-09-25
04,2015,anz,2026-09-25
04,2016,anz_agency,2026-09-25
04,2017,anz_agency,2026-09-25
04,2018,anz_agency,2026-09-25
04,2019,anz,2026-09-25
04,2020,anz,2026-09-25
04,2021,anz,2026-09-25
04,2022,anz,2026-09-25
04,2023,anz,2026-09-25
04,2024,anz,2026-09-25
05,8884,ccb,2026-09-25
05,8885,ccb,2026-09-25
05,8886,ccb,2026-09-25
05,8887,ccb,2026-09-25
05,8888,ccb,2026-09-25
05,8889,ccb,2026-09-25
06,0006,anz,2026-09-25
06,0023,anz,2026-09-25
06,0024,anz,2026-09-25
06,0067,anz,2026-09-25
06,0081,anz,2026-09-25
06,0082,anz,2026-09-25
06,0101,anz,2026-09-25
06,0103,anz,2026-09-25
06,0111,anz,2026-09-25
06,0115,anz,2026-09-25
06,0122,anz,2026-09-25
06,0134,anz,2026-09-25
06,0145,anz,2026-09-25
06,0153,anz,2026-09-25
06,0158,anz,2026-09-25
06,0163,anz,2026-09-25
06,0164,anz,2026-09-25
06,0169,anz,2026-09-25
06,0172,anz,2026-09-25
06,0177,anz,2026-09-25
06,0185,anz,2026-09-25
06,0188,anz,2026-09-25
06,0193,anz,2026-09-25
06,0197,anz,2026-09-25
06,0199,anz,2026-09-25
06,0201,anz,2026-09-25
06,0209,anz,2026-09-25
06,0217,anz,2026-09-25
06,0222,anz,2026-09-25
06,0225,anz,2026-09-25
06,0229,anz,2026-09-25
06,0230,anz,2026-09-25
06,0233,anz,2026-09-25
06,0237,anz,2026-09-25
06,0241,anz,2026-09-25
06,0254,anz,2026-09-25
06,0257,anz,2026-09-25
06,0265,anz,2026-09-25
06,0266,anz,2026-09-25
06,0273,anz,2026-09-25
06,0284,anz,2026-09-25
06,0287,anz,2026-09-25
06,0293,anz,2026-09-25
06,0294,anz,2026-09-25
06,0299,anz,2026-09-25
06,0301,anz,2026-09-25
06,0309,anz,2026-09-25
06,0313,anz,2026-09-25
06,0317,anz,2026-09-25
06,0323,anz,2026-09-25
06,0329,anz,2026-09-25
06,0333,anz,2026-09-25
06,0335,anz,2026-09-25
06,0337,anz,2026-09-25
06,0350,anz,2026-09-25
06,0359,anz,2026-09-25
06,0361,anz,2026-09-25
06,0365,anz,2026-09-25
06,0369,anz,2026-09-25
06,0375,anz,2026-09-25
06,0377,anz,2026-09-25
06,0379,anz,2026-09-25
06,0383,anz,2026-09-25
06,0393,anz,2026-09-25
06,0397,anz,2026-09-25
06,0401,anz,2026-09-25
06,0405,anz,2026-09-25
06,0409,anz,2026-09-25
06,0411,anz,2026-09-25
06,0413,anz,2026-09-25
06,0421,anz,2026-09-25
06,0429,anz,2026-09-25
06,0433,anz,2026-09-25
06,0437,anz,2026-09-25
06,0441,anz,2026-09-25
06,0453,anz,2026-09-25
06,0457,anz,2026-09-25
06,0459,anz,2026-09-25
06,0465,anz,2026-09-25
06,0469,anz,2026-09-25
06,0471,anz,2026-09-25
06,0473,anz,2026-09-25
06,0477,anz,2026-09-25
06,0479,anz,2026-09-25
06,0483,anz,2026-09-25
06,0489,anz,2026-09-25
06,0491,anz,2026-09-25
06,0493,anz,2026-09-25
06,0501,anz,2026-09-25
06,0507,anz,2026-09-25
06,0513,anz,2026-09-25
06,0529,anz,2026-09-25
06,0541,anz,2026-09-25
06,0545,anz,2026-09-25
06,0549,anz,2026-09-25
06,0556,anz,2026-09-25
06,0561,anz,2026-09-25
06,0565,anz,2026-09-25
06,0569,anz,2026-09-25
06,0574,anz,2026-09-25
06,0575,anz,2026-09-25
06,0577,anz,2026-09-25
06,0580,anz,2026-09-25
06,0581,anz,2026-09-25
06,0582,anz,2026-09-25
06,0583,anz,2026-09-25
06,0589,anz,2026-09-25
06,0592,anz,2026-09-25
06,0594,anz,2026-09-25
06,0596,anz,2026-09-25
06,0601,anz,2026-09-25
06,0603,anz,2026-09-25
06,0606,anz,2026-09-25
06,0613,anz,2026-09-25
06,0622,anz,2026-09-25
06,0629,anz,2026-09-25
06,0637,anz,2026-09-25
06,0645,anz,2026-09-25
06,0649,anz,2026-09-25
06,0663,anz,2026-09-25
06,0665,anz,2026-09-25
06,0669,anz,2026-09-25
06,0689,anz,2026-09-25
06,0701,anz,2026-09-25
06,0705,anz,2026-09-25
06,0709,anz,2026-09-25
06,0729,anz,2026-09-25
06,0730,anz,2026-09-25
06,0738,anz,2026-09-25
06,0746,anz,2026-09-25
06,0757,anz,2026-09-25
06,0765,anz,2026-09-25
06,0773,anz,2026-09-25
06,0781,anz,2026-09-25
06,0789,anz,2026-09-25
06,0793,anz,2026-09-25
06,0801,anz,2026-09-25
06,0805,anz,2026-09-25
06,0807,anz,2026-09-25
06,0817,anz,2026-09-25
06,0821,anz,2026-09-25
06,0829,anz,2026-09-25
06,0831,anz,2026-09-25
06,0837,anz,2026-09-25
06,0845,anz,2026-09-25
06,0849,anz,2026-09-25
06,0851,anz,2026-09-25
06,0869,anz,2026-09-25
06,0870,anz,2026-09-25
06,0878,anz,2026-09-25
06,0879,anz,2026-09-25
06,0889,anz,2026-09-25
06,0894,anz,2026-09-25
06,0899,anz,2026-09-25
06,0901,anz,2026-09-25
06,0909,anz,2026-09-25
06,0911,anz,2026-09-25
06,0917,anz,2026-09-25
06,0919,anz,2026-09-25
06,0921,anz,2026-09-25
06,0923,anz,2026-09-25
06,0925,anz,2026-09-25
06,0927,anz,2026-09-25
06,0936,anz,2026-09-25
06,0939,anz,2026-09-25
06,0941,anz,2026-09-25
06,0942,anz,2026-09-25
06,0943,anz,2026-09-25
06,0949,anz,2026-09-25
06,0954,anz,2026-09-25
06,0956,anz,2026-09-25
06,0958,anz,2026-09-25
06,0966,anz,2026-09-25
06,0968,anz,2026-09-25
06,0977,anz,2026-09-25
06,0983,anz,2026-09-25
06,0986,anz,2026-09-25
06,0991,anz,2026-09-25
06,0994,anz,2026-09-25
06,0996,anz,2026-09-25
06,0998,anz,2026-09-25
06,1458,anz,2026-09-25
06,1499,anz,2026-09-25
08,6501,bnz,2026-09-25
08,6502,bnz,2026-09-25
08,6503,bnz,2026-09-25
08,6504,bnz,2026-09-25
08,6511,bnz,2026-09-25
08,6513,bnz,2026-09-25
08,6514,bnz,2026-09-25
08,6515,bnz,2026-09-25
08,6517,bnz,2026-09-25
08,6519,bnz,2026-09-25
08,6521,bnz,2026-09-25
08,6523,bnz,2026-09-25
08,6525,bnz,2026-09-25
08,6529,bnz,2026-09-25
08,6531,bnz,2026-09-25
08,6533,bnz,2026-09-25
08,6535,bnz,2026-09-25
08,6537,bnz,2026-09-25
08,6541,bnz,2026-09-25
08,6543,bnz,2026-09-25
08,6551,bnz,2026-09-25
08,6553,bnz,2026-09-25
08,6555,bnz,2026-09-25
08,6557,bnz,2026-09-25
08,6559,bnz,2026-09-25
08,6561,bnz,2026-09-25
08,6563,bnz,2026-09-25
08,6567,bnz,2026-09-25
08,6571,bnz,2026-09-25
08,6573,bnz,2026-09-25
08,6575,bnz,2026-09-25
08,6581,bnz,2026-09-25
08,6583,bnz,2026-09-25
08,6585,bnz,2026-09-25
08,6587,bnz,2026-09-25
08,6589,bnz,2026-09-25
08,6593,bnz,2026-09-25
08,6597,bnz,2026-09-25
08,6599,bnz,2026-09-25
10,5165,icbc,2026-09-25
10,5166,icbc,2026-09-25
10,5167,icbc,2026-09-25
10,5168,icbc,2026-09-25
10,5169,icbc,2026-09-25
11,5000,anz,2026-09-25
11,5017,anz,2026-09-25
11,5026,anz,2026-09-25
11,5027,anz,2026-09-25
11,5029,anz,2026-09-25
11,5031,anz,2026-09-25
11,5032,anz,2026-09-25
11,5033,anz,2026-09-25
11,5146,anz,2026-09-25
11,5147,anz,2026-09-25
11,5200,anz,2026-09-25
11,5201,anz,2026-09-25
11,5202,anz,2026-09-25
11,5203,anz,2026-09-25
11,5211,anz,2026-09-25
11,5216,anz,2026-09-25
11,5220,anz,2026-09-25
11,5228,anz,2026-09-25
11,5230,anz,2026-09-25
11,5234,anz,2026-09-25
11,5242,anz,2026-09-25
11,5249,anz,2026-09-25
11,5250,anz,2026-09-25
11,5253,anz,2026-09-25
11,5254,anz,2026-09-25
11,5264,anz,2026-09-25
11,5265,anz,2026-09-25
11,5267,anz,2026-09-25
11,5274,anz,2026-09-25
11,5275,anz,2026-09-25
11,5276,anz,2026-09-25
11,5277,anz,2026-09-25
11,5284,anz,2026-09-25
11,5299,anz,2026-09-25
11,5301,anz,2026-09-25
11,5313,anz,2026-09-25
11,5314,anz,2026-09-25
11,5316,anz,2026-09-25
11,5318,anz,2026-09-25
11,5332,anz,2026-09-25
11,5337,anz,2026-09-25
11,5338,anz,2026-09-25
11,5339,anz,2026-09-25
11,5344,anz,2026-09-25
11,5345,anz,2026-09-25
11,5346,anz,2026-09-25
11,5350,anz,2026-09-25
11,5351,anz,2026-09-25
11,5358,anz,2026-09-25
11,5360,anz,2026-09-25
11,5362,anz,2026-09-25
11,5369,anz,2026-09-25
11,5372,anz,2026-09-25
11,5373,anz,2026-09-25
11,5377,anz,2026-09-25
11,5389,anz,2026-09-25
11,5392,anz,2026-09-25
11,5397,anz,2026-09-25
11,5400,anz,2026-09-25
11,5401,anz,2026-09-25
11,5402,anz,2026-09-25
11,5407,anz,2026-09-25
11,5409,anz,2026-09-25
11,5420,anz,2026-09-25
11,5422,anz,2026-09-25
11,5432,anz,2026-09-25
11,5434,anz,2026-09-25
11,5438,anz,2026-09-25
11,5441,anz,2026-09-25
11,5443,anz,2026-09-25
11,5448,anz,2026-09-25
11,5458,anz,2026-09-25
11,5460,anz,2026-09-25
11,5462,anz,2026-09-25
11,5463,anz,2026-09-25
11,5468,anz,2026-09-25
11,5495,anz,2026-09-25
11,5508,anz,2026-09-25
11,5509,anz,2026-09-25
11,5510,anz,2026-09-25
11,5511,anz,2026-09-25
11,5512,anz,2026-09-25
11,5513,anz,2026-09-25
11,5514,anz,2026-09-25
11,5515,anz,2026-09-25
11,5527,anz,2026-09-25
11,5700,anz,2026-09-25
11,5704,anz,2026-09-25
11,5712,anz,2026-09-25
11,5715,anz,2026-09-25
11,5719,anz,2026-09-25
11,5720,anz,2026-09-25
11,5722,anz,2026-09-25
11,5724,anz,2026-09-25
11,5725,anz,2026-09-25
11,5727,anz,2026-09-25
11,5731,anz,2026-09-25
11,5736,anz,2026-09-25
11,5751,anz,2026-09-25
11,5755,anz,2026-09-25
11,5760,anz,2026-09-25
11,5762,anz,2026-09-25
11,5765,anz,2026-09-25
11,5773,anz,2026-09-25
11,5785,anz,2026-09-25
11,5789,anz,2026-09-25
11,5804,anz,2026-09-25
11,5809,anz,2026-09-25
11,5814,anz,2026-09-25
11,5827,anz,2026-09-25
11,5832,anz,2026-09-25
11,5849,anz,2026-09-25
11,5852,anz,2026-09-25
11,5853,anz,2026-09-25
11,5859,anz,2026-09-25
11,5900,anz,2026-09-25
11,5925,anz,2026-09-25
11,5931,anz,2026-09-25
11,5934,anz,2026-09-25
11,5941,anz,2026-09-25
11,5943,anz,2026-09-25
11,6000,anz,2026-09-25
11,6001,anz,2026-09-25
11,6010,anz,2026-09-25
11,6013,anz,2026-09-25
11,6015,anz,2026-09-25
11,6017,anz,2026-09-25
11,6022,anz,2026-09-25
11,6030,anz,2026-09-25
11,6031,anz,2026-09-25
11,6100,anz,2026-09-25
11,6102,anz,2026-09-25
11,6115,anz,2026-09-25
11,6123,anz,2026-09-25
11,6147,anz,2026-09-25
11,6163,anz,2026-09-25
11,6168,anz,2026-09-25
11,6183,anz,2026-09-25
11,6187,anz,2026-09-25
11,6189,anz,2026-09-25
11,6300,anz,2026-09-25
11,6310,anz,2026-09-25
11,6347,anz,2026-09-25
11,6400,anz,2026-09-25
11,6401,anz,2026-09-25
11,6421,anz,2026-09-25
11,6422,anz,2026-09-25
11,6424,anz,2026-09-25
11,6432,anz,2026-09-25
11,6439,anz,2026-09-25
11,6459,anz,2026-09-25
11,6460,anz,2026-09-25
11,6462,anz,2026-09-25
11,6477,anz,2026-09-25
11,6478,anz,2026-09-25
11,6479,anz,2026-09-25
11,6600,anz,2026-09-25
11,6601,anz,2026-09-25
11,6620,anz,2026-09-25
11,6621,anz,2026-09-25
11,6623,anz,2026-09-25
11,6627,anz,2026-09-25
11,6629,anz,2026-09-25
11,6634,anz,2026-09-25
11,6654,anz,2026-09-25
11,6660,anz,2026-09-25
11,6676,anz,2026-09-25
11,6800,anz,2026-09-25
11,6820,anz,2026-09-25
11,6833,anz,2026-09-25
11,6836,anz,2026-09-25
11,6840,anz,2026-09-25
11,6841,anz,2026-09-25
11,6847,anz,2026-09-25
11,6849,anz,2026-09-25
11,6855,anz,2026-09-25
11,6862,anz,2026-09-25
11,6900,anz,2026-09-25
11,6901,anz,2026-09-25
11,6902,anz,2026-09-25
11,6903,anz,2026-09-25
11,6912,anz,2026-09-25
11,6916,anz,2026-09-25
11,6917,anz,2026-09-25
11,6919,anz,2026-09-25
11,6932,anz,2026-09-25
11,6952,anz,2026-09-25
11,6962,anz,2026-09-25
11,6965,anz,2026-09-25
11,6972,anz,2026-09-25
11,6974,anz,2026-09-25
11,7000,anz,2026-09-25
11,7001,anz,2026-09-25
11,7026,anz,2026-09-25
11,7100,anz,2026-09-25
11,7114,anz,2026-09-25
11,7116,anz,2026-09-25
11,7117,anz,2026-09-25
11,7119,anz,2026-09-25
11,7123,anz,2026-09-25
11,7200,anz,2026-09-25
11,7202,anz,2026-09-25
11,7203,anz,2026-09-25
11,7216,anz,2026-09-25
11,7219,anz,2026-09-25
11,7220,anz,2026-09-25
11,7221,anz,2026-09-25
11,7231,anz,2026-09-25
11,7234,anz,2026-09-25
11,7239,anz,2026-09-25
11,7244,anz,2026-09-25
11,7247,anz,2026-09-25
11,7249,anz,2026-09-25
11,7250,anz,2026-09-25
11,7251,anz,2026-09-25
11,7255,anz,2026-09-25
11,7259,anz,2026-09-25
11,7260,anz,2026-09-25
11,7265,anz,2026-09-25
11,7267,anz,2026-09-25
11,7278,anz,2026-09-25
11,7281,anz,2026-09-25
11,7282,anz,2026-09-25
11,7283,anz,2026-09-25
11,7284,anz,2026-09-25
11,7286,anz,2026-09-25
11,7287,anz,2026-09-25
11,7290,anz,2026-09-25
11,7292,anz,2026-09-25
11,7300,anz,2026-09-25
11,7302,anz,2026-09-25
11,7309,anz,2026-09-25
11,7311,anz,2026-09-25
11,7313,anz,2026-09-25
11,7314,anz,2026-09-25
11,7318,anz,2026-09-25
11,7319,anz,2026-09-25
11,7320,anz,2026-09-25
11,7328,anz,2026-09-25
11,7329,anz,2026-09-25
11,7340,anz,2026-09-25
11,7341,anz,2026-09-25
11,7342,anz,2026-09-25
11,7343,anz,2026-09-25
11,7344,anz,2026-09-25
11,7345,anz,2026-09-25
11,7346,anz,2026-09-25
11,7347,anz,2026-09-25
11,7348,anz,2026-09-25
11,7349,anz,2026-09-25
11,7400,anz,2026-09-25
11,7402,anz,2026-09-25
11,7426,anz,2026-09-25
11,7428,anz,2026-09-25
11,7436,anz,2026-09-25
11,7438,anz,2026-09-25
11,7443,anz,2026-09-25
11,7446,anz,2026-09-25
11,7500,anz,2026-09-25
11,7517,anz,2026-09-25
11,7528,anz,2026-09-25
11,7532,anz,2026-09-25
11,7600,anz,2026-09-25
11,7626,anz,2026-09-25
11,7653,anz,2026-09-25
11,7700,anz,2026-09-25
11,7800,anz,2026-09-25
11,7802,anz,2026-09-25
11,7803,anz,2026-09-25
11,7810,anz,2026-09-25
11,7811,anz,2026-09-25
11,7814,anz,2026-09-25
11,7816,anz,2026-09-25
11,7820,anz,2026-09-25
11,7824,anz,2026-09-25
11,7848,anz,2026-09-25
11,7850,anz,2026-09-25
11,7854,anz,2026-09-25
11,7856,anz,2026-09-25
11,7860,anz,2026-09-25
11,7865,anz,2026-09-25
11,7870,anz,2026-09-25
11,7876,anz,2026-09-25
11,7881,anz,2026-09-25
11,7885,anz,2026-09-25
11,7887,anz,2026-09-25
11,7888,anz,2026-09-25
11,7889,anz,2026-09-25
11,7892,anz,2026-09-25
11,7893,anz,2026-09-25
11,7901,anz,2026-09-25
11,7909,anz,2026-09-25
11,7911,anz,2026-09-25
11,7916,anz,2026-09-25
11,7920,anz,2026-09-25
11,7931,anz,2026-09-25
11,7932,anz,2026-09-25
11,7947,anz,2026-09-25
11,7956,anz,2026-09-25
11,8000,anz,2026-09-25
11,8001,anz,2026-09-25
11,8003,anz,2026-09-25
11,8004,anz,2026-09-25
11,8005,anz,2026-09-25
11,8007,anz,2026-09-25
11,8008,anz,2026-09-25
11,8013,anz,2026-09-25
11,8100,anz,2026-09-25
11,8102,anz,2026-09-25
11,8105,anz,2026-09-25
11,8116,anz,2026-09-25
11,8117,anz,2026-09-25
11,8120,anz,2026-09-25
11,8138,anz,2026-09-25
11,8144,anz,2026-09-25
11,8145,anz,2026-09-25
11,8147,anz,2026-09-25
11,8200,anz,2026-09-25
11,8300,anz,2026-09-25
11,8310,anz,2026-09-25
11,8313,anz,2026-09-25
11,8314,anz,2026-09-25
11,8322,anz,2026-09-25
11,8327,anz,2026-09-25
11,8330,anz,2026-09-25
11,8337,anz,2026-09-25
11,8338,anz,2026-09-25
11,8339,anz,2026-09-25
11,8365,anz,2026-09-25
11,8367,anz,2026-09-25
11,8378,anz,2026-09-25
11,8381,anz,2026-09-25
11,8386,anz,2026-09-25
11,8387,anz,2026-09-25
11,8390,anz,2026-09-25
11,8393,anz,2026-09-25
11,8406,anz,2026-09-25
11,8422,anz,2026-09-25
11,8425,anz,2026-09-25
11,8426,anz,2026-09-25
11,8427,anz,2026-09-25
11,8428,anz,2026-09-25
11,8429,anz,2026-09-25
11,8431,anz,2026-09-25
11,8500,anz,2026-09-25
11,8503,anz,2026-09-25
11,8505,anz,2026-09-25
11,8515,anz,2026-09-25
11,8530,anz,2026-09-25
11,8532,anz,2026-09-25
11,8537,anz,2026-09-25
11,8552,anz,2026-09-25
11,8556,anz,2026-09-25
11,8564,anz,2026-09-25
11,8570,anz,2026-09-25
11,8572,anz,2026-09-25
11,8576,anz,2026-09-25
11,8593,anz,2026-09-25
11,8750,anz,2026-09-25
11,8760,anz,2026-09-25
11,8770,anz,2026-09-25
11,8780,anz,2026-09-25
11,8991,anz,2026-09-25
11,8994,anz,2026-09-25
11,8995,anz,2026-09-25
11,8996,anz,2026-09-25
11,8997,anz,2026-09-25
11,8999,anz,2026-09-25
12,3001,asb,2026-09-25
12,3002,asb,2026-09-25
12,3003,asb,2026-09-25
12,3006,asb,2026-09-25
12,3007,asb,2026-09-25
12,3008,asb,2026-09-25
12,3009,asb,2026-09-25
12,3010,asb,2026-09-25
12,3011,asb,2026-09-25
12,3012,asb,2026-09-25
12,3013,asb,2026-09-25
12,3014,asb,2026-09-25
12,3015,asb,2026-09-25
12,3016,asb,2026-09-25
12,3017,asb,2026-09-25
12,3018,asb,2026-09-25
12,3019,asb,2026-09-25
12,3020,asb,2026-09-25
12,3021,asb,2026-09-25
12,3022,asb,2026-09-25
12,3023,asb,2026-09-25
12,3024,asb,2026-09-25
12,3025,asb,2026-09-25
12,3026,asb,2026-09-25
12,3027,asb,2026-09-25
12,3028,asb,2026-09-25
12,3029,asb,2026-09-25
12,3030,asb,2026-09-25
12,3031,asb,2026-09-25
12,3032,asb,2026-09-25
12,3033,asb,2026-09-25
12,3034,asb,2026-09-25
12,3035,asb,2026-09-25
12,3036,asb,2026-09-25
12,3037,asb,2026-09-25
12,3038,asb,2026-09-25
12,3039,asb,2026-09-25
12,3040,asb,2026-09-25
12,3041,asb,2026-09-25
12,3042,asb,2026-09-25
12,3043,asb,2026-09-25
12,3044,asb,2026-09-25
12,3045,asb,2026-09-25
12,3046,asb,2026-09-25
12,3047,asb,2026-09-25
12,3048,asb,2026-09-25
12,3049,asb,2026-09-25
12,3050,asb,2026-09-25
12,3051,asb,2026-09-25
12,3052,asb,2026-09-25
12,3053,asb,2026-09-25
12,3054,asb,2026-09-25
12,3055,asb,2026-09-25
12,3056,asb,2026-09-25
12,3057,asb,2026-09-25
12,3058,asb,2026-09-25
12,3059,asb,2026-09-25
12,3060,asb,2026-09-25
12,3061,asb,2026-09-25
12,3062,asb,2026-09-25
12,3063,asb,2026-09-25
12,3064,asb,2026-09-25
12,3065,asb,2026-09-25
12,3066,asb,2026-09-25
12,3067,asb,2026-09-25
12,3068,asb,2026-09-25
12,3069,asb,2026-09-25
12,3070,asb,2026-09-25
12,3071,asb,2026-09-25
12,3072,asb,2026-09-25
12,3073,asb,2026-09-25
12,3074,asb,2026-09-25
12,3075,asb,2026-09-25
12,3076,asb,2026-09-25
12,3077,asb,2026-09-25
12,3078,asb,2026-09-25
12,3079,asb,2026-09-25
12,3080,asb,2026-09-25
12,3081,asb,2026-09-25
12,3082,asb,2026-09-25
12,3083,asb,2026-09-25
12,3084,asb,2026-09-25
12,3085,asb,2026-09-25
12,3086,asb,2026-09-25
12,3087,asb,2026-09-25
12,3088,asb,2026-09-25
12,3089,asb,2026-09-25
12,3090,asb,2026-09-25
12,3091,asb,2026-09-25
12,3092,asb,2026-09-25
12,3093,asb,2026-09-25
12,3094,asb,2026-09-25
12,3095,asb,2026-09-25
12,3096,asb,2026-09-25
12,3097,asb,2026-09-25
12,3098,asb,2026-09-25
12,3099,asb,2026-09-25
12,3100,asb,2026-09-25
12,3101,asb,2026-09-25
12,3102,asb,2026-09-25
12,3103,asb,2026-09-25
12,3104,asb,2026-09-25
12,3105,asb,2026-09-25
12,3106,asb,2026-09-25
12,3107,asb,2026-09-25
12,3108,asb,2026-09-25
12,3109,asb,2026-09-25
12,3110,asb,2026-09-25
12,3111,asb,2026-09-25
12,3112,asb,2026-09-25
12,3113,asb,2026-09-25
12,3114,asb,2026-09-25
12,3115,asb,2026-09-25
12,3116,asb,2026-09-25
12,3117,asb,2026-09-25
12,3118,asb,2026-09-25
12,3119,asb,2026-09-25
12,3120,asb,2026-09-25
12,3121,asb,2026-09-25
12,3122,asb,2026-09-25
12,3123,asb,2026-09-25
12,3124,asb,2026-09-25
12,3125,asb,2026-09-25
12,3126,asb,2026-09-25
12,3127,asb,2026-09-25
12,3128,asb,2026-09-25
12,3129,asb,2026-09-25
12,3130,asb,2026-09-25
12,3131,asb,2026-09-25
12,3132,asb,2026-09-25
12,3134,asb,2026-09-25
12,3135,asb,2026-09-25
12,3136,asb,2026-09-25
12,3137,asb,2026-09-25
12,3138,asb,2026-09-25
12,3139,asb,2026-09-25
12,3140,asb,2026-09-25
12,3141,asb,2026-09-25
12,3142,asb,2026-09-25
12,3143,asb,2026-09-25
12,3144,asb,2026-09-25
12,3145,asb,2026-09-25
12,3146,asb,2026-09-25
12,3147,asb,2026-09-25
12,3148,asb,2026-09-25
12,3149,asb,2026-09-25
12,3150,asb,2026-09-25
12,3151,asb,2026-09-25
12,3152,asb,2026-09-25
12,3153,asb,2026-09-25
12,3154,asb,2026-09-25
12,3155,asb,2026-09-25
12,3157,asb,2026-09-25
12,3158,asb,2026-09-25
12,3159,asb,2026-09-25
12,3160,asb,2026-09-25
12,3161,asb,2026-09-25
12,3162,asb,2026-09-25
12,3163,asb,2026-09-25
12,3164,asb,2026-09-25
12,3165,asb,2026-09-25
12,3166,asb,2026-09-25
12,3167,asb,2026-09-25
12,3168,asb,2026-09-25
12,3169,asb,2026-09-25
12,3170,asb,2026-09-25
12,3171,asb,2026-09-25
12,3172,asb,2026-09-25
12,3173,asb,2026-09-25
12,3174,asb,2026-09-25
12,3175,asb,2026-09-25
12,3176,asb,2026-09-25
12,3177,asb,2026-09-25
12,3178,asb,2026-09-25
12,3179,asb,2026-09-25
12,3180,asb,2026-09-25
12,3181,asb,2026-09-25
12,3182,asb,2026-09-25
12,3183,asb,2026-09-25
12,3184,asb,2026-09-25
12,3185,asb,2026-09-25
12,3186,asb,2026-09-25
12,3187,asb,2026-09-25
12,3188,asb,2026-09-25
12,3189,asb,2026-09-25
12,3190,asb,2026-09-25
12,3191,asb,2026-09-25
12,3192,asb,2026-09-25
12,3193,asb,2026-09-25
12,3194,asb,2026-09-25
12,3195,asb,2026-09-25
12,3196,asb,2026-09-25
12,3197,asb,2026-09-25
12,3198,asb,2026-09-25
12,3199,asb,2026-09-25
12,3200,asb,2026-09-25
12,3201,asb,2026-09-25
12,3205,asb,2026-09-25
12,3207,asb,2026-09-25
12,3208,asb,2026-09-25
12,3209,asb,2026-09-25
12,3210,asb,2026-09-25
12,3211,asb,2026-09-25
12,3212,asb,2026-09-25
12,3213,asb,2026-09-25
12,3214,asb,2026-09-25
12,3215,asb,2026-09-25
12,3216,asb,2026-09-25
12,3217,asb,2026-09-25
12,3218,asb,2026-09-25
12,3219,asb,2026-09-25
12,3220,asb,2026-09-25
12,3221,asb,2026-09-25
12,3222,asb,2026-09-25
12,3223,asb,2026-09-25
12,3224,asb,2026-09-25
12,3225,asb,2026-09-25
12,3226,asb,2026-09-25
12,3227,asb,2026-09-25
12,3228,asb,2026-09-25
12,3229,asb,2026-09-25
12,3230,asb,2026-09-25
12,3231,asb,2026-09-25
12,3232,asb,2026-09-25
12,3233,asb,2026-09-25
12,3234,asb,2026-09-25
12,3235,asb,2026-09-25
12,3236,asb,2026-09-25
12,3237,asb,2026-09-25
12,3238,asb,2026-09-25
12,3239,asb,2026-09-25
12,3240,asb,2026-09-25
12,3241,asb,2026-09-25
12,3242,asb,2026-09-25
12,3243,asb,2026-09-25
12,3244,asb,2026-09-25
12,3245,asb,2026-09-25
12,3246,asb,2026-09-25
12,3247,asb,2026-09-25
12,3248,asb,2026-09-25
12,3249,asb,2026-09-25
12,3250,asb,2026-09-25
12,3251,asb,2026-09-25
12,3252,asb,2026-09-25
12,3253,asb,2026-09-25
12,3254,asb,2026-09-25
12,3255,asb,2026-09-25
12,3256,asb,2026-09-25
12,3257,asb,2026-09-25
12,3258,asb,2026-09-25
12,3259,asb,2026-09-25
12,3260,asb,2026-09-25
12,3261,asb,2026-09-25
12,3262,asb,2026-09-25
12,3263,asb,2026-09-25
12,3264,asb,2026-09-25
12,3265,asb,2026-09-25
12,3266,asb,2026-09-25
12,3267,asb,2026-09-25
12,3268,asb,2026-09-25
12,3269,asb,2026-09-25
12,3270,asb,2026-09-25
12,3271,asb,2026-09-25
12,3272,asb,2026-09-25
12,3273,asb,2026-09-25
12,3274,asb,2026-09-25
12,3275,asb,2026-09-25
12,3276,asb,2026-09-25
12,3277,asb,2026-09-25
12,3278,asb,2026-09-25
12,3279,asb,2026-09-25
12,3280,asb,2026-09-25
12,3281,asb,2026-09-25
12,3282,asb,2026-09-25
12,3284,asb,2026-09-25
12,3285,asb,2026-09-25
12,3286,asb,2026-09-25
12,3287,asb,2026-09-25
12,3288,asb,2026-09-25
12,3289,asb,2026-09-25
12,3290,asb,2026-09-25
12,3292,asb,2026-09-25
12,3295,asb,2026-09-25
12,3296,asb,2026-09-25
12,3400,asb,2026-09-25
12,3401,asb,2026-09-25
12,3402,asb,2026-09-25
12,3403,asb,2026-09-25
12,3404,asb,2026-09-25
12,3405,asb,2026-09-25
12,3406,asb,2026-09-25
12,3407,asb,2026-09-25
12,3408,asb,2026-09-25
12,3409,asb,2026-09-25
12,3410,asb,2026-09-25
12,3411,asb,2026-09-25
12,3412,asb,2026-09-25
12,3413,asb,2026-09-25
12,3414,asb,2026-09-25
12,3415,asb,2026-09-25
12,3416,asb,2026-09-25
12,3417,asb,2026-09-25
12,3418,asb,2026-09-25
12,3419,asb,2026-09-25
12,3420,asb,2026-09-25
12,3421,asb,2026-09-25
12,3422,asb,2026-09-25
12,3423,asb,2026-09-25
12,3424,asb,2026-09-25
12,3425,asb,2026-09-25
12,3426,asb,2026-09-25
12,3427,asb,2026-09-25
12,3428,asb,2026-09-25
12,3429,asb,2026-09-25
12,3430,asb,2026-09-25
12,3431,asb,2026-09-25
12,3432,asb,2026-09-25
12,3433,asb,2026-09-25
12,3434,asb,2026-09-25
12,3435,asb,2026-09-25
12,3436,asb,2026-09-25
12,3437,asb,2026-09-25
12,3438,asb,2026-09-25
12,3439,asb,2026-09-25
12,3440,asb,2026-09-25
12,3441,asb,2026-09-25
12,3442,asb,2026-09-25
12,3443,asb,2026-09-25
12,3445,asb,2026-09-25
12,3446,asb,2026-09-25
12,3447,asb,2026-09-25
12,3448,asb,2026-09-25
12,3449,asb,2026-09-25
12,3450,asb,2026-09-25
12,3451,asb,2026-09-25
12,3452,asb,2026-09-25
12,3453,asb,2026-09-25
12,3454,asb,2026-09-25
12,3455,asb,2026-09-25
12,3456,asb,2026-09-25
12,3457,asb,2026-09-25
12,3458,asb,2026-09-25
12,3459,asb,2026-09-25
12,3460,asb,2026-09-25
12,3461,asb,2026-09-25
12,3462,asb,2026-09-25
12,3474,asb,2026-09-25
12,3475,asb,2026-09-25
12,3476,asb,2026-09-25
12,3477,asb,2026-09-25
12,3478,asb,2026-09-25
12,3479,asb,2026-09-25
12,3480,asb,2026-09-25
12,3481,asb,2026-09-25
12,3482,asb,2026-09-25
12,3483,asb,2026-09-25
12,3484,asb,2026-09-25
12,3485,asb,2026-09-25
12,3486,asb,2026-09-25
12,3488,asb,2026-09-25
12,3489,asb,2026-09-25
12,3490,asb,2026-09-25
12,3491,asb,2026-09-25
12,3492,asb,2026-09-25
12,3493,asb,2026-09-25
12,3494,asb,2026-09-25
12,3495,asb,2026-09-25
12,3496,asb,2026-09-25
12,3497,asb,2026-09-25
12,3498,asb,2026-09-25
12,3499,asb,2026-09-25
12,3601,asb,2026-09-25
12,3602,asb,2026-09-25
12,3603,asb,2026-09-25
12,3604,asb,2026-09-25
12,3605,asb,2026-09-25
12,3606,asb,2026-09-25
12,3607,asb,2026-09-25
12,3610,asb,2026-09-25
12,3611,asb,2026-09-25
12,3612,asb,2026-09-25
12,3613,asb,2026-09-25
12,3614,asb,2026-09-25
12,3615,asb,2026-09-25
12,3616,asb,2026-09-25
12,3617,asb,2026-09-25
12,3618,asb,2026-09-25
12,3619,asb,2026-09-25
12,3620,asb,2026-09-25
12,3622,asb,2026-09-25
12,3623,asb,2026-09-25
12,3624,asb,2026-09-25
12,3625,asb,2026-09-25
12,3626,asb,2026-09-25
12,3627,asb,2026-09-25
12,3628,asb,2026-09-25
12,3629,asb,2026-09-25
12,3630,asb,2026-09-25
12,3631,asb,2026-09-25
12,3632,asb,2026-09-25
12,3633,asb,2026-09-25
12,3634,asb,2026-09-25
12,3635,asb,2026-09-25
12,3636,asb,2026-09-25
12,3637,asb,2026-09-25
12,3638,asb,2026-09-25
12,3639,asb,2026-09-25
12,3640,asb,2026-09-25
12,3641,asb,2026-09-25
12,3642,asb,2026-09-25
12,3643,asb,2026-09-25
12,3644,asb,2026-09-25
12,3645,asb,2026-09-25
12,3646,asb,2026-09-25
12,3647,asb,2026-09-25
12,3648,asb,2026-09-25
12,3649,asb,2026-09-25
12,3650,asb,2026-09-25
12,3651,asb,2026-09-25
12,3653,asb,2026-09-25
12,3654,asb,2026-09-25
12,3655,asb,2026-09-25
12,3656,asb,2026-09-25
12,3657,asb,2026-09-25
12,3658,asb,2026-09-25
12,3659,asb,2026-09-25
12,3661,asb,2026-09-25
12,3662,asb,2026-09-25
12,3663,asb,2026-09-25
12,3664,asb,2026-09-25
12,3665,asb,2026-09-25
12,3666,asb,2026-09-25
12,3667,asb,2026-09-25
12,3668,asb,2026-09-25
12,3669,asb,2026-09-25
12,3670,asb,2026-09-25
12,3671,asb,2026-09-25
12,3672,asb,2026-09-25
12,3673,asb,2026-09-25
12,3674,asb,2026-09-25
12,3675,asb,2026-09-25
12,3676,asb,2026-09-25
12,3678,asb,2026-09-25
12,3680,asb,2026-09-25
13,4901,westpac,2026-09-25
13,4902,westpac,2026-09-25
13,4903,westpac,2026-09-25
13,4904,westpac,2026-09-25
13,4905,westpac,2026-09-25
13,4906,westpac,2026-09-25
13,4907,westpac,2026-09-25
13,4908,westpac,2026-09-25
13,4909,westpac,2026-09-25
13,4910,westpac,2026-09-25
13,4911,westpac,2026-09-25
13,4912,westpac,2026-09-25
13,4913,westpac,2026-09-25
13,4914,westpac,2026-09-25
13,4915,westpac,2026-09-25
13,4916,westpac,2026-09-25
13,4917,westpac,2026-09-25
13,4918,westpac,2026-09-25
13,4919,westpac,2026-09-25
13,4926,westpac,2026-09-25
13,4927,westpac,2026-09-25
13,4928,westpac,2026-09-25
13,4929,westpac,2026-09-25
13,4930,westpac,2026-09-25
14,4701,westpac,2026-09-25
14,4702,westpac,2026-09-25
14,4703,westpac,2026-09-25
14,4705,westpac,2026-09-25
14,4707,westpac,2026-09-25
14,4711,westpac,2026-09-25
14,4713,westpac,2026-09-25
14,4715,westpac,2026-09-25
14,4717,westpac,2026-09-25
14,4719,westpac,2026-09-25
14,4723,westpac,2026-09-25
14,4725,westpac,2026-09-25
14,4727,westpac,2026-09-25
14,4729,westpac,2026-09-25
14,4733,westpac,2026-09-25
14,4735,westpac,2026-09-25
14,4737,westpac,2026-09-25
14,4739,westpac,2026-09-25
14,4741,westpac,2026-09-25
14,4761,westpac,2026-09-25
14,4763,westpac,2026-09-25
14,4765,westpac,2026-09-25
14,4767,westpac,2026-09-25
14,4769,westpac,2026-09-25
14,4773,westpac,2026-09-25
14,4775,westpac,2026-09-25
14,4777,westpac,2026-09-25
14,4779,westpac,2026-09-25
14,4781,westpac,2026-09-25
14,4783,westpac,2026-09-25
14,4795,westpac,2026-09-25
14,4796,westpac,2026-09-25
14,4798,westpac,2026-09-25
14,4799,westpac,2026-09-25
15,3941,tsb,2026-09-25
15,3942,tsb,2026-09-25
15,3943,tsb,2026-09-25
15,3944,tsb,2026-09-25
15,3945,tsb,2026-09-25
15,3946,tsb,2026-09-25
15,3947,tsb,2026-09-25
15,3948,tsb,2026-09-25
15,3949,tsb,2026-09-25
15,3950,tsb,2026-09-25
15,3951,tsb,2026-09-25
15,3952,tsb,2026-09-25
15,3953,tsb,2026-09-25
15,3954,tsb,2026-09-25
15,3955,tsb,2026-09-25
15,3956,tsb,2026-09-25
15,3957,tsb,2026-09-25
15,3958,tsb,2026-09-25
15,3959,tsb,2026-09-25
15,3960,tsb,2026-09-25
15,3968,tsb,2026-09-25
15,3969,tsb,2026-09-25
15,3970,tsb,2026-09-25
15,3971,tsb,2026-09-25
15,3972,tsb,2026-09-25
15,3973,tsb,2026-09-25
15,3974,tsb,2026-09-25
15,3975,tsb,2026-09-25
15,3976,tsb,2026-09-25
15,3977,tsb,2026-09-25
15,3978,tsb,2026-09-25
15,3979,tsb,2026-09-25
15,3981,tsb,2026-09-25
15,3987,tsb,2026-09-25
15,3988,tsb,2026-09-25
16,4402,westpac,2026-09-25
16,4403,westpac,2026-09-25
16,4404,westpac,2026-09-25
16,4405,westpac,2026-09-25
16,4406,westpac,2026-09-25
16,4407,westpac,2026-09-25
16,4408,westpac,2026-09-25
16,4409,westpac,2026-09-25
16,4412,westpac,2026-09-25
16,4413,westpac,2026-09-25
16,4414,westpac,2026-09-25
16,4416,westpac,2026-09-25
16,4417,westpac,2026-09-25
16,4423,westpac,2026-09-25
16,4425,westpac,2026-09-25
16,4428,westpac,2026-09-25
16,4430,westpac,2026-09-25
16,4431,westpac,2026-09-25
16,4432,westpac,2026-09-25
16,4434,westpac,2026-09-25
16,4435,westpac,2026-09-25
16,4436,westpac,2026-09-25
16,4437,westpac,2026-09-25
16,4438,westpac,2026-09-25
16,4439,westpac,2026-09-25
16,4441,westpac,2026-09-25
16,4443,westpac,2026-09-25
16,4445,westpac,2026-09-25
16,4446,westpac,2026-09-25
16,4447,westpac,2026-09-25
16,4448,westpac,2026-09-25
16,4449,westpac,2026-09-25
16,4450,westpac,2026-09-25
16,4451,westpac,2026-09-25
16,4452,westpac,2026-09-25
16,4453,westpac,2026-09-25
16,4454,westpac,2026-09-25
16,4455,westpac,2026-09-25
16,4456,westpac,2026-09-25
16,4458,westpac,2026-09-25
16,4460,westpac,2026-09-25
16,4461,westpac,2026-09-25
16,4463,westpac,2026-09-25
16,4464,westpac,2026-09-25
16,4465,westpac,2026-09-25
16,4466,westpac,2026-09-25
16,4467,westpac,2026-09-25
16,4468,westpac,2026-09-25
16,4470,westpac,2026-09-25
16,4472,westpac,2026-09-25
16,4473,westpac,2026-09-25
16,4475,westpac,2026-09-25
16,4476,westpac,2026-09-25
16,4477,westpac,2026-09-25
16,4479,westpac,2026-09-25
16,4480,westpac,2026-09-25
16,4481,westpac,2026-09-25
16,4482,westpac,2026-09-25
16,4483,westpac,2026-09-25
16,4484,westpac,2026-09-25
16,4485,westpac,2026-09-25
16,4486,westpac,2026-09-25
16,4487,westpac,2026-09-25
16,4488,westpac,2026-09-25
16,4490,westpac,2026-09-25
16,4492,westpac,2026-09-25
16,4493,westpac,2026-09-25
16,4496,westpac,2026-09-25
16,4497,westpac,2026-09-25
16,4498,westpac,2026-09-25
17,3331,westpac,2026-09-25
17,3332,westpac,2026-09-25
17,3360,westpac,2026-09-25
17,3361,westpac,2026-09-25
17,3362,westpac,2026-09-25
17,3363,westpac,2026-09-25
17,3364,westpac,2026-09-25
17,3365,westpac,2026-09-25
17,3366,westpac,2026-09-25
17,3367,westpac,2026-09-25
17,3368,westpac,2026-09-25
17,3369,westpac,2026-09-25
17,3370,westpac,2026-09-25
17,3371,westpac,2026-09-25
17,3372,westpac,2026-09-25
17,3373,westpac,2026-09-25
17,3374,westpac,2026-09-25
17,3375,westpac,2026-09-25
17,3376,westpac,2026-09-25
17,3377,westpac,2026-09-25
17,3378,westpac,2026-09-25
17,3379,westpac,2026-09-25
17,3380,westpac,2026-09-25
17,3381,westpac,2026-09-25
17,3382,westpac,2026-09-25
17,3383,westpac,2026-09-25
17,3384,westpac,2026-09-25
17,3385,westpac,2026-09-25
17,3386,westpac,2026-09-25
17,3387,westpac,2026-09-25
17,3388,westpac,2026-09-25
17,3389,westpac,2026-09-25
17,3390,westpac,2026-09-25
17,3391,westpac,2026-09-25
17,3392,westpac,2026-09-25
17,3393,westpac,2026-09-25
17,3395,westpac,2026-09-25
17,3396,westpac,2026-09-25
17,3399,westpac,2026-09-25
18,3501,westpac,2026-09-25
18,3502,westpac,2026-09-25
18,3503,westpac,2026-09-25
18,3504,westpac,2026-09-25
18,3505,westpac,2026-09-25
18,3506,westpac,2026-09-25
18,3507,westpac,2026-09-25
18,3508,westpac,2026-09-25
18,3509,westpac,2026-09-25
18,3510,westpac,2026-09-25
18,3511,westpac,2026-09-25
18,3512,westpac,2026-09-25
18,3513,westpac,2026-09-25
18,3514,westpac,2026-09-25
18,3515,westpac,2026-09-25
18,3516,westpac,2026-09-25
18,3517,westpac,2026-09-25
18,3518,westpac,2026-09-25
18,3519,westpac,2026-09-25
18,3520,westpac,2026-09-25
18,3521,westpac,2026-09-25
18,3522,westpac,2026-09-25
18,3523,westpac,2026-09-25
18,3524,westpac,2026-09-25
18,3525,westpac,2026-09-25
18,3526,westpac,2026-09-25
18,3527,westpac,2026-09-25
18,3530,westpac,2026-09-25
18,3550,westpac,2026-09-25
18,3589,westpac,2026-09-25
18,3590,westpac,2026-09-25
19,4617,westpac,2026-09-25
19,4618,westpac,2026-09-25
19,4619,westpac,2026-09-25
19,4620,westpac,2026-09-25
19,4621,westpac,2026-09-25
19,4622,westpac,2026-09-25
19,4624,westpac,2026-09-25
19,4626,westpac,2026-09-25
19,4627,westpac,2026-09-25
19,4629,westpac,2026-09-25
19,4631,westpac,2026-09-25
19,4633,westpac,2026-09-25
19,4635,westpac,2026-09-25
19,4647,westpac,2026-09-25
19,4648,westpac,2026-09-25
20,4121,westpac,2026-09-25
20,4122,westpac,2026-09-25
20,4123,westpac,2026-09-25
20,4124,westpac,2026-09-25
20,4125,westpac,2026-09-25
20,4126,westpac,2026-09-25
20,4127,westpac,2026-09-25
20,4128,westpac,2026-09-25
20,4129,westpac,2026-09-25
20,4130,westpac,2026-09-25
20,4131,westpac,2026-09-25
20,4132,westpac,2026-09-25
20,4133,westpac,2026-09-25
20,4134,westpac,2026-09-25
20,4135,westpac,2026-09-25
20,4136,westpac,2026-09-25
20,4137,westpac,2026-09-25
20,4138,westpac,2026-09-25
20,4139,westpac,2026-09-25
20,4140,westpac,2026-09-25
20,4141,westpac,2026-09-25
20,4143,westpac,2026-09-25
20,4144,westpac,2026-09-25
20,4145,westpac,2026-09-25
20,4146,westpac,2026-09-25
20,4147,westpac,2026-09-25
20,4169,westpac,2026-09-25
20,4170,westpac,2026-09-25
20,4198,westpac,2026-09-25
21,4801,westpac,2026-09-25
21,4802,westpac,2026-09-25
21,4803,westpac,2026-09-25
21,4804,westpac,2026-09-25
21,4805,westpac,2026-09-25
21,4806,westpac,2026-09-25
21,4807,westpac,2026-09-25
21,4808,westpac,2026-09-25
21,4809,westpac,2026-09-25
21,4810,westpac,2026-09-25
21,4811,westpac,2026-09-25
21,4812,westpac,2026-09-25
21,4813,westpac,2026-09-25
21,4814,westpac,2026-09-25
21,4815,westpac,2026-09-25
21,4816,westpac,2026-09-25
21,4817,westpac,2026-09-25
21,4818,westpac,2026-09-25
21,4819,westpac,2026-09-25
21,4820,westpac,2026-09-25
21,4821,westpac,2026-09-25
21,4822,westpac,2026-09-25
21,4823,westpac,2026-09-25
21,4824,westpac,2026-09-25
21,4825,westpac,2026-09-25
21,4826,westpac,2026-09-25
21,4827,westpac,2026-09-25
21,4828,westpac,2026-09-25
21,4829,westpac,2026-09-25
21,4830,westpac,2026-09-25
21,4831,westpac,2026-09-25
21,4833,westpac,2026-09-25
21,4895,westpac,2026-09-25
21,4897,westpac,2026-09-25
21,4898,westpac,2026-09-25
21,4899,westpac,2026-09-25
22,4000,westpac,2026-09-25
22,4002,westpac,2026-09-25
22,4003,westpac,2026-09-25
22,4004,westpac,2026-09-25
22,4005,westpac,2026-09-25
22,4006,westpac,2026-09-25
22,4007,westpac,2026-09-25
22,4008,westpac,2026-09-25
22,4009,westpac,2026-09-25
22,4021,westpac,2026-09-25
22,4022,westpac,2026-09-25
22,4023,westpac,2026-09-25
22,4024,westpac,2026-09-25
22,4025,westpac,2026-09-25
22,4028,westpac,2026-09-25
22,4030,westpac,2026-09-25
22,4031,westpac,2026-09-25
22,4032,westpac,2026-09-25
22,4033,westpac,2026-09-25
22,4049,westpac,2026-09-25
23,3700,westpac,2026-09-25
23,3701,westpac,2026-09-25
23,3702,westpac,2026-09-25
23,3703,westpac,2026-09-25
23,3704,westpac,2026-09-25
23,3712,westpac,2026-09-25
23,3714,westpac,2026-09-25
23,3716,westpac,2026-09-25
23,3718,westpac,2026-09-25
23,3720,westpac,2026-09-25
23,3724,westpac,2026-09-25
23,3730,westpac,2026-09-25
23,3732,westpac,2026-09-25
23,3734,westpac,2026-09-25
23,3736,westpac,2026-09-25
23,3738,westpac,2026-09-25
23,3746,westpac,2026-09-25
23,3748,westpac,2026-09-25
23,3750,westpac,2026-09-25
23,3754,westpac,2026-09-25
23,3756,westpac,2026-09-25
23,3757,westpac,2026-09-25
23,3758,westpac,2026-09-25
23,3760,westpac,2026-09-25
23,3762,westpac,2026-09-25
23,3765,westpac,2026-09-25
23,3770,westpac,2026-09-25
23,3772,westpac,2026-09-25
23,3780,westpac,2026-09-25
23,3784,westpac,2026-09-25
23,3786,westpac,2026-09-25
23,3787,westpac,2026-09-25
23,3788,westpac,2026-09-25
23,3792,westpac,2026-09-25
23,3793,westpac,2026-09-25
23,3794,westpac,2026-09-25
23,3798,westpac,2026-09-25
24,4310,asb,2026-09-25
24,4311,asb,2026-09-25
24,4312,asb,2026-09-25
24,4315,asb,2026-09-25
24,4316,asb,2026-09-25
24,4319,asb,2026-09-25
24,4320,asb,2026-09-25
24,4321,asb,2026-09-25
24,4330,asb,2026-09-25
24,4335,asb,2026-09-25
24,4336,asb,2026-09-25
24,4337,asb,2026-09-25
24,4338,asb,2026-09-25
24,4340,asb,2026-09-25
25,2500,anz,2026-09-25
25,2501,anz,2026-09-25
25,2502,anz,2026-09-25
25,2503,anz,2026-09-25
25,2509,anz,2026-09-25
25,2510,anz,2026-09-25
25,2520,anz,2026-09-25
25,2521,anz,2026-09-25
25,2522,anz,2026-09-25
25,2523,anz,2026-09-25
25,2524,anz,2026-09-25
25,2525,anz,2026-09-25
25,2526,anz,2026-09-25
25,2527,anz,2026-09-25
25,2528,anz,2026-09-25
25,2529,anz,2026-09-25
25,2531,anz,2026-09-25
25,2532,anz,2026-09-25
25,2533,anz,2026-09-25
25,2534,anz,2026-09-25
25,2535,anz,2026-09-25
25,2536,anz,2026-09-25
25,2537,anz,2026-09-25
25,2538,anz,2026-09-25
25,2539,anz,2026-09-25
25,2540,anz,2026-09-25
25,2541,anz,2026-09-25
25,2542,anz,2026-09-25
25,2543,anz,2026-09-25
25,2544,anz,2026-09-25
25,2545,anz,2026-09-25
25,2546,anz,2026-09-25
25,2547,anz,2026-09-25
25,2548,anz,2026-09-25
25,2549,anz,2026-09-25
25,2550,anz,2026-09-25
25,2551,anz,2026-09-25
25,2552,anz,2026-09-25
25,2553,anz,2026-09-25
25,2554,anz,2026-09-25
25,2555,anz,2026-09-25
25,2556,anz,2026-09-25
25,2557,anz,2026-09-25
25,2558,anz,2026-09-25
25,2559,anz,2026-09-25
25,2560,anz,2026-09-25
25,2561,anz,2026-09-25
25,2562,anz,2026-09-25
25,2563,anz,2026-09-25
25,2564,anz,2026-09-25
25,2565,anz,2026-09-25
25,2566,anz,2026-09-25
25,2567,anz,2026-09-25
25,2568,anz,2026-09-25
25,2569,anz,2026-09-25
25,2570,anz,2026-09-25
27,3801,westpac,2026-09-25
27,3802,westpac,2026-09-25
27,3803,westpac,2026-09-25
27,3805,westpac,2026-09-25
27,3816,westpac,2026-09-25
27,3817,westpac,2026-09-25
27,3818,westpac,2026-09-25
27,3820,westpac,2026-09-25
27,3821,westpac,2026-09-25
27,3822,westpac,2026-09-25
27,3823,westpac,2026-09-25
27,3824,westpac,2026-09-25
27,3825,westpac,2026-09-25
27,3826,westpac,2026-09-25
30,2901,hsbc,2026-09-25
30,2902,hsbc,2026-09-25
30,2903,hsbc,2026-09-25
30,2904,hsbc,2026-09-25
30,2906,hsbc,2026-09-25
30,2907,hsbc,2026-09-25
30,2908,hsbc,2026-09-25
30,2909,hsbc,2026-09-25
30,2910,hsbc,2024-03-18
30,2911,hsbc,2026-09-25
30,2912,hsbc,2026-09-25
30,2915,hsbc,2024-03-18
30,2916,hsbc,2026-09-25
30,2918,hsbc,2024-03-18
30,2921,hsbc,2024-03-18
30,2922,hsbc,2026-09-25
30,2931,hsbc,2024-03-18
30,2932,hsbc,2026-09-25
30,2933,hsbc,2024-03-18
30,2934,hsbc,2024-03-18
30,2935,hsbc,2024-03-18
30,2936,hsbc,2024-03-18
30,2937,hsbc,2026-09-25
30,2940,hsbc,2026-09-25
30,2948,hsbc,2026-09-25
31,2825,citibank,2026-09-25
31,2826,citibank,2026-09-25
31,2827,citibank,2026-09-25
31,2828,citibank,2026-09-25
31,2829,citibank,2026-09-25
31,2840,citibank,2026-09-25
38,9000,kiwibank,2026-09-25
38,9001,kiwibank,2026-09-25
38,9002,kiwibank,2026-09-25
38,9003,kiwibank,2026-09-25
38,9004,kiwibank,2026-09-25
38,9005,kiwibank,2026-09-25
38,9006,kiwibank,2026-09-25
38,9007,kiwibank,2026-09-25
38,9008,kiwibank,2026-09-25
38,9009,kiwibank,2026-09-25
38,9010,kiwibank,2026-09-25
38,9011,kiwibank,2026-09-25
38,9012,kiwibank,2026-09-25
38,9013,kiwibank,2026-09-25
38,9014,kiwibank,2026-09-25
38,9015,kiwibank,2026-09-25
38,9016,kiwibank,2026-09-25
38,9017,kiwibank,2026-09-25
38,9018,kiwibank,2026-09-25
38,9019,kiwibank,2026-09-25
38,9020,kiwibank,2026-09-25
38,9021,kiwibank,2026-09-25
38,9022,kiwibank,2026-09-25
38,9023,kiwibank,2026-09-25
38,9024,kiwibank,2026-09-25
38,9025,kiwibank,2026-09-25
38,9026,kiwibank,2026-09-25
38,9027,kiwibank,2026-09-25
38,9028,kiwibank,2026-09-25
38,9029,kiwibank,2026-09-25
38,9030,kiwibank,2026-09-25
38,9031,kiwibank,2026-09-25
38,9032,kiwibank,2026-09-25
38,9033,kiwibank,2026-09-25
38,9034,kiwibank,2026-09-25
38,9035,kiwibank,2026-09-25
38,9036,kiwibank,2026-09-25
38,9037,kiwibank,2026-09-25
38,9038,kiwibank,2026-09-25
38,9039,kiwibank,2026-09-25
38,9040,kiwibank,2026-09-25
38,9041,kiwibank,2026-09-25
38,9042,kiwibank,2026-09-25
38,9043,kiwibank,2026-09-25
38,9044,kiwibank,2026-09-25
38,9045,kiwibank,2026-09-25
38,9046,kiwibank,2026-09-25
38,9047,kiwibank,2026-09-25
38,9048,kiwibank,2026-09-25
38,9049,kiwibank,2026-09-25
38,9050,kiwibank,2026-09-25
38,9051,kiwibank,2026-09-25
38,9052,kiwibank,2026-09-25
38,9053,kiwibank,2026-09-25
38,9054,kiwibank,2026-09-25
38,9055,kiwibank,2026-09-25
38,9056,kiwibank,2026-09-25
38,9057,kiwibank,2026-09-25
38,9058,kiwibank,2026-09-25
38,9059,kiwibank,2026-09-25
38,9060,kiwibank,2026-09-25
38,9061,kiwibank,2026-09-25
38,9062,kiwibank,2026-09-25
38,9063,kiwibank,2026-09-25
38,9064,kiwibank,2026-09-25
38,9065,kiwibank,2026-09-25
38,9066,kiwibank,2026-09-25
38,9067,kiwibank,2026-09-25
38,9068,kiwibank,2026-09-25
38,9069,kiwibank,2026-09-25
38,9070,kiwibank,2026-09-25
38,9071,kiwibank,2026-09-25
38,9072,kiwibank,2026-09-25
38,9073,kiwibank,2026-09-25
38,9074,kiwibank,2026-09-25
38,9075,kiwibank,2026-09-25
38,9076,kiwibank,2026-09-25
38,9077,kiwibank,2026-09-25
38,9078,kiwibank,2026-09-25
38,9079,kiwibank,2026-09-25
38,9080,kiwibank,2026-09-25
38,9081,kiwibank,2026-09-25
38,9082,kiwibank,2026-09-25
38,9083,kiwibank,2026-09-25
38,9084,kiwibank,2026-09-25
38,9085,kiwibank,2026-09-25
38,9086,kiwibank,2026-09-25
38,9087,kiwibank,2026-09-25
38,9088,kiwibank,2026-09-25
38,9089,kiwibank,2026-09-25
38,9090,kiwibank,2026-09-25
38,9091,kiwibank,2026-09-25
38,9092,kiwibank,2026-09-25
38,9093,kiwibank,2026-09-25
38,9094,kiwibank,2026-09-25
38,9095,kiwibank,2026-09-25
38,9096,kiwibank,2026-09-25
38,9097,kiwibank,2026-09-25
38,9098,kiwibank,2026-09-25
38,9099,kiwibank,2026-09-25
38,9100,kiwibank,2026-09-25
38,9101,kiwibank,2026-09-25
38,9102,kiwibank,2026-09-25
38,9103,kiwibank,2026-09-25
38,9104,kiwibank,2026-09-25
38,9105,kiwibank,2026-09-25
38,9106,kiwibank,2026-09-25
38,9107,kiwibank,2026-09-25
38,9108,kiwibank,2026-09-25
38,9109,kiwibank,2026-09-25
38,9110,kiwibank,2026-09-25
38,9111,kiwibank,2026-09-25
38,9112,kiwibank,2026-09-25
38,9113,kiwibank,2026-09-25
38,9114,kiwibank,2026-09-25
38,9115,kiwibank,2026-09-25
38,9116,kiwibank,2026-09-25
38,9117,kiwibank,2026-09-25
38,9118,kiwibank,2026-09-25
38,9119,kiwibank,2026-09-25
38,9120,kiwibank,2026-09-25
38,9121,kiwibank,2026-09-25
38,9122,kiwibank,2026-09-25
38,9123,kiwibank,2026-09-25
38,9124,kiwibank,2026-09-25
38,9125,kiwibank,2026-09-25
38,9126,kiwibank,2026-09-25
38,9127,kiwibank,2026-09-25
38,9128,kiwibank,2026-09-25
38,9129,kiwibank,2026-09-25
38,9130,kiwibank,2026-09-25
38,9131,kiwibank,2026-09-25
38,9132,kiwibank,2026-09-25
38,9133,kiwibank,2026-09-25
38,9134,kiwibank,2026-09-25
38,9135,kiwibank,2026-09-25
38,9136,kiwibank,2026-09-25
38,9137,kiwibank,2026-09-25
38,9138,kiwibank,2026-09-25
38,9139,kiwibank,2026-09-25
38,9140,kiwibank,2026-09-25
38,9141,kiwibank,2026-09-25
38,9142,kiwibank,2026-09-25
38,9143,kiwibank,2026-09-25
38,9144,kiwibank,2026-09-25
38,9145,kiwibank,2026-09-25
38,9146,kiwibank,2026-09-25
38,9147,kiwibank,2026-09-25
38,9148,kiwibank,2026-09-25
38,9149,kiwibank,2026-09-25
38,9150,kiwibank,2026-09-25
38,9151,kiwibank,2026-09-25
38,9152,kiwibank,2026-09-25
38,9153,kiwibank,2026-09-25
38,9154,kiwibank,2026-09-25
38,9155,kiwibank,2026-09-25
38,9156,kiwibank,2026-09-25
38,9157,kiwibank,2026-09-25
38,9158,kiwibank,2026-09-25
38,9159,kiwibank,2026-09-25
38,9160,kiwibank,2026-09-25
38,9161,kiwibank,2026-09-25
38,9162,kiwibank,2026-09-25
38,9163,kiwibank,2026-09-25
38,9164,kiwibank,2026-09-25
38,9165,kiwibank,2026-09-25
38,9166,kiwibank,2026-09-25
38,9167,kiwibank,2026-09-25
38,9168,kiwibank,2026-09-25
38,9169,kiwibank,2026-09-25
38,9170,kiwibank,2026-09-25
38,9171,kiwibank,2026-09-25
38,9172,kiwibank,2026-09-25
38,9173,kiwibank,2026-09-25
38,9174,kiwibank,2026-09-25
38,9175,kiwibank,2026-09-25
38,9176,kiwibank,2026-09-25
38,9177,kiwibank,2026-09-25
38,9178,kiwibank,2026-09-25
38,9179,kiwibank,2026-09-25
38,9180,kiwibank,2026-09-25
38,9181,kiwibank,2026-09-25
38,9182,kiwibank,2026-09-25
38,9183,kiwibank,2026-09-25
38,9184,kiwibank,2026-09-25
38,9185,kiwibank,2026-09-25
38,9186,kiwibank,2026-09-25
38,9187,kiwibank,2026-09-25
38,9188,kiwibank,2026-09-25
38,9189,kiwibank,2026-09-25
38,9190,kiwibank,2026-09-25
38,9191,kiwibank,2026-09-25
38,9192,kiwibank,2026-09-25
38,9193,kiwibank,2026-09-25
38,9194,kiwibank,2026-09-25
38,9195,kiwibank,2026-09-25
38,9196,kiwibank,2026-09-25
38,9197,kiwibank,2026-09-25
38,9198,kiwibank,2026-09-25
38,9199,kiwibank,2026-09-25
38,9200,kiwibank,2026-09-25
38,9201,kiwibank,2026-09-25
38,9202,kiwibank,2026-09-25
38,9203,kiwibank,2026-09-25
38,9204,kiwibank,2026-09-25
38,9205,kiwibank,2026-09-25
38,9206,kiwibank,2026-09-25
38,9207,kiwibank,2026-09-25
38,9208,kiwibank,2026-09-25
38,9209,kiwibank,2026-09-25
38,9210,kiwibank,2026-09-25
38,9211,kiwibank,2026-09-25
38,9212,kiwibank,2026-09-25
38,9213,kiwibank,2026-09-25
38,9214,kiwibank,2026-09-25
38,9215,kiwibank,2026-09-25
38,9216,kiwibank,2026-09-25
38,9217,kiwibank,2026-09-25
38,9218,kiwibank,2026-09-25
38,9219,kiwibank,2026-09-25
38,9220,kiwibank,2026-09-25
38,9221,kiwibank,2026-09-25
38,9222,kiwibank,2026-09-25
38,9223,kiwibank,2026-09-25
38,9224,kiwibank,2026-09-25
38,9225,kiwibank,2026-09-25
38,9226,kiwibank,2026-09-25
38,9227,kiwibank,2026-09-25
38,9228,kiwibank,2026-09-25
38,9229,kiwibank,2026-09-25
38,9230,kiwibank,2026-09-25
38,9231,kiwibank,2026-09-25
38,9232,kiwibank,2026-09-25
38,9233,kiwibank,2026-09-25
38,9234,kiwibank,2026-09-25
38,9235,kiwibank,2026-09-25
38,9236,kiwibank,2026-09-25
38,9237,kiwibank,2026-09-25
38,9238,kiwibank,2026-09-25
38,9239,kiwibank,2026-09-25
38,9240,kiwibank,2026-09-25
38,9241,kiwibank,2026-09-25
38,9242,kiwibank,2026-09-25
38,9243,kiwibank,2026-09-25
38,9244,kiwibank,2026-09-25
38,9245,kiwibank,2026-09-25
38,9246,kiwibank,2026-09-25
38,9247,kiwibank,2026-09-25
38,9248,kiwibank,2026-09-25
38,9249,kiwibank,2026-09-25
38,9250,kiwibank,2026-09-25
38,9251,kiwibank,2026-09-25
38,9252,kiwibank,2026-09-25
38,9253,kiwibank,2026-09-25
38,9254,kiwibank,2026-09-25
38,9255,kiwibank,2026-09-25
38,9256,kiwibank,2026-09-25
38,9257,kiwibank,2026-09-25
38,9258,kiwibank,2026-09-25
38,9259,kiwibank,2026-09-25
38,9260,kiwibank,2026-09-25
38,9261,kiwibank,2026-09-25
38,9262,kiwibank,2026-09-25
38,9263,kiwibank,2026-09-25
38,9264,kiwibank,2026-09-25
38,9265,kiwibank,2026-09-25
38,9266,kiwibank,2026-09-25
38,9267,kiwibank,2026-09-25
38,9268,kiwibank,2026-09-25
38,9269,kiwibank,2026-09-25
38,9270,kiwibank,2026-09-25
38,9271,kiwibank,2026-09-25
38,9272,kiwibank,2026-09-25
38,9273,kiwibank,2026-09-25
38,9274,kiwibank,2026-09-25
38,9275,kiwibank,2026-09-25
38,9276,kiwibank,2026-09-25
38,9277,kiwibank,2026-09-25
38,9278,kiwibank,2026-09-25
38,9279,kiwibank,2026-09-25
38,9280,kiwibank,2026-09-25
38,9281,kiwibank,2026-09-25
38,9282,kiwibank,2026-09-25
38,9283,kiwibank,2026-09-25
38,9284,kiwibank,2026-09-25
38,9285,kiwibank,2026-09-25
38,9286,kiwibank,2026-09-25
38,9287,kiwibank,2026-09-25
38,9288,kiwibank,2026-09-25
38,9289,kiwibank,2026-09-25
38,9290,kiwibank,2026-09-25
38,9291,kiwibank,2026-09-25
38,9292,kiwibank,2026-09-25
38,9293,kiwibank,2026-09-25
38,9294,kiwibank,2026-09-25
38,9295,kiwibank,2026-09-25
38,9296,kiwibank,2026-09-25
38,9297,kiwibank,2026-09-25
38,9298,kiwibank,2026-09-25
38,9299,kiwibank,2026-09-25
38,9300,kiwibank,2026-09-25
38,9301,kiwibank,2026-09-25
38,9302,kiwibank,2026-09-25
38,9303,kiwibank,2026-09-25
38,9304,kiwibank,2026-09-25
38,9305,kiwibank,2026-09-25
38,9306,kiwibank,2026-09-25
38,9307,kiwibank,2026-09-25
38,9308,kiwibank,2026-09-25
38,9309,kiwibank,2026-09-25
38,9310,kiwibank,2026-09-25
38,9311,kiwibank,2026-09-25
38,9312,kiwibank,2026-09-25
38,9313,kiwibank,2026-09-25
38,9314,kiwibank,2026-09-25
38,9315,kiwibank,2026-09-25
38,9316,kiwibank,2026-09-25
38,9317,kiwibank,2026-09-25
38,9318,kiwibank,2026-09-25
38,9319,kiwibank,2026-09-25
38,9320,kiwibank,2026-09-25
38,9321,kiwibank,2026-09-25
38,9322,kiwibank,2026-09-25
38,9323,kiwibank,2026-09-25
38,9324,kiwibank,2026-09-25
38,9325,kiwibank,2026-09-25
38,9326,kiwibank,2026-09-25
38,9327,kiwibank,2026-09-25
38,9328,kiwibank,2026-09-25
38,9329,kiwibank,2026-09-25
38,9330,kiwibank,2026-09-25
38,9331,kiwibank,2026-09-25
38,9332,kiwibank,2026-09-25
38,9333,kiwibank,2026-09-25
38,9334,kiwibank,2026-09-25
38,9335,kiwibank,2026-09-25
38,9336,kiwibank,2026-09-25
38,9337,kiwibank,2026-09-25
38,9338,kiwibank,2026-09-25
38,9339,kiwibank,2026-09-25
38,9340,kiwibank,2026-09-25
38,9341,kiwibank,2026-09-25
38,9342,kiwibank,2026-09-25
38,9343,kiwibank,2026-09-25
38,9344,kiwibank,2026-09-25
38,9345,kiwibank,2026-09-25
38,9346,kiwibank,2026-09-25
38,9347,kiwibank,2026-09-25
38,9348,kiwibank,2026-09-25
38,9349,kiwibank,2026-09-25
38,9350,kiwibank,2026-09-25
38,9351,kiwibank,2026-09-25
38,9352,kiwibank,2026-09-25
38,9353,kiwibank,2026-09-25
38,9354,kiwibank,2026-09-25
38,9355,kiwibank,2026-09-25
38,9356,kiwibank,2026-09-25
38,9357,kiwibank,2026-09-25
38,9358,kiwibank,2026-09-25
38,9359,kiwibank,2026-09-25
38,9360,kiwibank,2026-09-25
38,9361,kiwibank,2026-09-25
38,9362,kiwibank,2026-09-25
38,9363,kiwibank,2026-09-25
38,9364,kiwibank,2026-09-25
38,9365,kiwibank,2026-09-25
38,9366,kiwibank,2026-09-25
38,9367,kiwibank,2026-09-25
38,9368,kiwibank,2026-09-25
38,9369,kiwibank,2026-09-25
38,9370,kiwibank,2026-09-25
38,9371,kiwibank,2026-09-25
38,9372,kiwibank,2026-09-25
38,9373,kiwibank,2026-09-25
38,9374,kiwibank,2026-09-25
38,9375,kiwibank,2026-09-25
38,9376,kiwibank,2026-09-25
38,9377,kiwibank,2026-09-25
38,9378,kiwibank,2026-09-25
38,9379,kiwibank,2026-09-25
38,9380,kiwibank,2026-09-25
38,9381,kiwibank,2026-09-25
38,9382,kiwibank,2026-09-25
38,9383,kiwibank,2026-09-25
38,9384,kiwibank,2026-09-25
38,9385,kiwibank,2026-09-25
38,9386,kiwibank,2026-09-25
38,9387,kiwibank,2026-09-25
38,9388,kiwibank,2026-09-25
38,9389,kiwibank,2026-09-25
38,9390,kiwibank,2026-09-25
38,9391,kiwibank,2026-09-25
38,9392,kiwibank,2026-09-25
38,9393,kiwibank,2026-09-25
38,9394,kiwibank,2026-09-25
38,9395,kiwibank,2026-09-25
38,9396,kiwibank,2026-09-25
38,9397,kiwibank,2026-09-25
38,9398,kiwibank,2026-09-25
38,9399,kiwibank,2026-09-25
38,9400,kiwibank,2026-09-25
38,9401,kiwibank,2026-09-25
38,9402,kiwibank,2026-09-25
38,9403,kiwibank,2026-09-25
38,9404,kiwibank,2026-09-25
38,9405,kiwibank,2026-09-25
38,9406,kiwibank,2026-09-25
38,9407,kiwibank,2026-09-25
38,9408,kiwibank,2026-09-25
38,9409,kiwibank,2026-09-25
38,9410,kiwibank,2026-09-25
38,9411,kiwibank,2026-09-25
38,9412,kiwibank,2026-09-25
38,9413,kiwibank,2026-09-25
38,9414,kiwibank,2026-09-25
38,9415,kiwibank,2026-09-25
38,9416,kiwibank,2026-09-25
38,9417,kiwibank,2026-09-25
38,9418,kiwibank,2026-09-25
38,9419,kiwibank,2026-09-25
38,9420,kiwibank,2026-09-25
38,9421,kiwibank,2026-09-25
38,9422,kiwibank,2026-09-25
38,9423,kiwibank,2026-09-25
38,9424,kiwibank,2026-09-25
38,9425,kiwibank,2026-09-25
38,9426,kiwibank,2026-09-25
38,9427,kiwibank,2026-09-25
38,9428,kiwibank,2026-09-25
38,9429,kiwibank,2026-09-25
38,9430,kiwibank,2026-09-25
38,9431,kiwibank,2026-09-25
38,9432,kiwibank,2026-09-25
38,9433,kiwibank,2026-09-25
38,9434,kiwibank,2026-09-25
38,9435,kiwibank,2026-09-25
38,9436,kiwibank,2026-09-25
38,9437,kiwibank,2026-09-25
38,9438,kiwibank,2026-09-25
38,9439,kiwibank,2026-09-25
38,9440,kiwibank,2026-09-25
38,9441,kiwibank,2026-09-25
38,9442,kiwibank,2026-09-25
38,9443,kiwibank,2026-09-25
38,9444,kiwibank,2026-09-25
38,9445,kiwibank,2026-09-25
38,9446,kiwibank,2026-09-25
38,9447,kiwibank,2026-09-25
38,9448,kiwibank,2026-09-25
38,9449,kiwibank,2026-09-25
38,9450,kiwibank,2026-09-25
38,9451,kiwibank,2026-09-25
38,9452,kiwibank,2026-09-25
38,9453,kiwibank,2026-09-25
38,9454,kiwibank,2026-09-25
38,9455,kiwibank,2026-09-25
38,9456,kiwibank,2026-09-25
38,9457,kiwibank,2026-09-25
38,9458,kiwibank,2026-09-25
38,9459,kiwibank,2026-09-25
38,9460,kiwibank,2026-09-25
38,9461,kiwibank,2026-09-25
38,9462,kiwibank,2026-09-25
38,9463,kiwibank,2026-09-25
38,9464,kiwibank,2026-09-25
38,9465,kiwibank,2026-09-25
38,9466,kiwibank,2026-09-25
38,9467,kiwibank,2026-09-25
38,9468,kiwibank,2026-09-25
38,9469,kiwibank,2026-09-25
38,9470,kiwibank,2026-09-25
38,9471,kiwibank,2026-09-25
38,9472,kiwibank,2026-09-25
38,9473,kiwibank,2026-09-25
38,9474,kiwibank,2026-09-25
38,9475,kiwibank,2026-09-25
38,9476,kiwibank,2026-09-25
38,9477,kiwibank,2026-09-25
38,9478,kiwibank,2026-09-25
38,9479,kiwibank,2026-09-25
38,9480,kiwibank,2026-09-25
38,9481,kiwibank,2026-09-25
38,9482,kiwibank,2026-09-25
38,9483,kiwibank,2026-09-25
38,9484,kiwibank,2026-09-25
38,9485,kiwibank,2026-09-25
38,9486,kiwibank,2026-09-25
38,9487,kiwibank,2026-09-25
38,9488,kiwibank,2026-09-25
38,9489,kiwibank,2026-09-25
38,9490,kiwibank,2026-09-25
38,9491,kiwibank,2026-09-25
38,9492,kiwibank,2026-09-25
38,9493,kiwibank,2026-09-25
38,9494,kiwibank,2026-09-25
38,9495,kiwibank,2026-09-25
38,9496,kiwibank,2026-09-25
38,9497,kiwibank,2026-09-25
38,9498,kiwibank,2026-09-25
38,9499,kiwibank,2026-09-25
88,8800,boc,2026-09-25
88,8801,boc,2026-09-25
88,8802,boc,2026-09-25
88,8803,boc,2026-09-25
88,8805,boc,2026-09-25
