ird/ir3-2026.pdf	OK	200	1069572	https://www.ird.govt.nz/-/media/project/ir/home/documents/forms-and-guides/ir1---ir99/ir3/ir3-2026.pdf
ird/ir3-2025.pdf	OK	200	336776	https://www.ird.govt.nz/-/media/project/ir/home/documents/forms-and-guides/ir1---ir99/ir3/ir3-2025.pdf
ird/ir3-2024.pdf	OK	200	238290	https://www.ird.govt.nz/-/media/project/ir/home/documents/forms-and-guides/ir1---ir99/ir3/ir3-2024.pdf
ird/ir3-2023.pdf	OK	200	226708	https://www.ird.govt.nz/-/media/project/ir/home/documents/forms-and-guides/ir1---ir99/ir3/ir3-2023.pdf
ird/ir3-2022.pdf	OK	200	297112	https://www.ird.govt.nz/-/media/project/ir/home/documents/forms-and-guides/ir1---ir99/ir3/ir3-2022.pdf
ird/ir3-2021.pdf	OK	200	230026	https://www.ird.govt.nz/-/media/project/ir/home/documents/forms-and-guides/ir1---ir99/ir3/ir3-2021.pdf
ird/ir3.pdf	FAIL	404	3197	https://www.ird.govt.nz/-/media/project/ir/home/documents/forms-and-guides/ir1---ir99/ir3/ir3.pdf
ird/ir3g-2026.pdf	OK	200	829263	https://www.ird.govt.nz/-/media/project/ir/home/documents/forms-and-guides/ir1---ir99/ir3g/ir3g-2026.pdf
ird/ir3g-2025.pdf	OK	200	863528	https://www.ird.govt.nz/-/media/project/ir/home/documents/forms-and-guides/ir1---ir99/ir3g/ir3g-2025.pdf
ird/ir3g-2024.pdf	OK	200	605089	https://www.ird.govt.nz/-/media/project/ir/home/documents/forms-and-guides/ir1---ir99/ir3g/ir3g-2024.pdf
ird/ir3g-2023.pdf	OK	200	679925	https://www.ird.govt.nz/-/media/project/ir/home/documents/forms-and-guides/ir1---ir99/ir3g/ir3g-2023.pdf
ird/ir3g.pdf	FAIL	404	3197	https://www.ird.govt.nz/-/media/project/ir/home/documents/forms-and-guides/ir1---ir99/ir3g/ir3g.pdf
ird/ir3nr-2026.pdf	OK	200	957021	https://www.ird.govt.nz/-/media/project/ir/home/documents/forms-and-guides/ir1---ir99/ir3nr/ir3nr-2026.pdf
ird/ir3nr-2025.pdf	OK	200	333615	https://www.ird.govt.nz/-/media/project/ir/home/documents/forms-and-guides/ir1---ir99/ir3nr/ir3nr-2025.pdf
ird/ir3nr-2024.pdf	OK	200	213264	https://www.ird.govt.nz/-/media/project/ir/home/documents/forms-and-guides/ir1---ir99/ir3nr/ir3nr-2024.pdf
ird/ir3nr-2023.pdf	OK	200	213116	https://www.ird.govt.nz/-/media/project/ir/home/documents/forms-and-guides/ir1---ir99/ir3nr/ir3nr-2023.pdf
ird/ir3nr.pdf	FAIL	404	3197	https://www.ird.govt.nz/-/media/project/ir/home/documents/forms-and-guides/ir1---ir99/ir3nr/ir3nr.pdf
ird/ir3nrg-2026.pdf	OK	200	1235622	https://www.ird.govt.nz/-/media/project/ir/home/documents/forms-and-guides/ir1---ir99/ir3nrg/ir3nrg-2026.pdf
ird/ir3nrg-2025.pdf	OK	200	420413	https://www.ird.govt.nz/-/media/project/ir/home/documents/forms-and-guides/ir1---ir99/ir3nrg/ir3nrg-2025.pdf
ird/ir3nrg-2024.pdf	OK	200	369951	https://www.ird.govt.nz/-/media/project/ir/home/documents/forms-and-guides/ir1---ir99/ir3nrg/ir3nrg-2024.pdf
ird/ir3nrg.pdf	FAIL	404	3197	https://www.ird.govt.nz/-/media/project/ir/home/documents/forms-and-guides/ir1---ir99/ir3nrg/ir3nrg.pdf
ird/ir4-2026.pdf	OK	200	190921	https://www.ird.govt.nz/-/media/project/ir/home/documents/forms-and-guides/ir1---ir99/ir4/ir4-2026.pdf
ird/ir4-2025.pdf	OK	200	303080	https://www.ird.govt.nz/-/media/project/ir/home/documents/forms-and-guides/ir1---ir99/ir4/ir4-2025.pdf
ird/ir4-2024.pdf	OK	200	217152	https://www.ird.govt.nz/-/media/project/ir/home/documents/forms-and-guides/ir1---ir99/ir4/ir4-2024.pdf
ird/ir4-2023.pdf	OK	200	218556	https://www.ird.govt.nz/-/media/project/ir/home/documents/forms-and-guides/ir1---ir99/ir4/ir4-2023.pdf
ird/ir4.pdf	FAIL	404	3197	https://www.ird.govt.nz/-/media/project/ir/home/documents/forms-and-guides/ir1---ir99/ir4/ir4.pdf
ird/ir4g-2025.pdf	FAIL	404	3197	https://www.ird.govt.nz/-/media/project/ir/home/documents/forms-and-guides/ir1---ir99/ir4g/ir4g-2025.pdf
ird/ir4g-2024.pdf	FAIL	404	3197	https://www.ird.govt.nz/-/media/project/ir/home/documents/forms-and-guides/ir1---ir99/ir4g/ir4g-2024.pdf
ird/ir4g.pdf	FAIL	404	3197	https://www.ird.govt.nz/-/media/project/ir/home/documents/forms-and-guides/ir1---ir99/ir4g/ir4g.pdf
ird/ir6-2026.pdf	OK	200	186129	https://www.ird.govt.nz/-/media/project/ir/home/documents/forms-and-guides/ir1---ir99/ir6/ir6-2026.pdf
ird/ir6-2025.pdf	OK	200	269630	https://www.ird.govt.nz/-/media/project/ir/home/documents/forms-and-guides/ir1---ir99/ir6/ir6-2025.pdf
ird/ir6-2024.pdf	OK	200	262206	https://www.ird.govt.nz/-/media/project/ir/home/documents/forms-and-guides/ir1---ir99/ir6/ir6-2024.pdf
ird/ir6-2023.pdf	OK	200	219789	https://www.ird.govt.nz/-/media/project/ir/home/documents/forms-and-guides/ir1---ir99/ir6/ir6-2023.pdf
ird/ir6.pdf	FAIL	404	3197	https://www.ird.govt.nz/-/media/project/ir/home/documents/forms-and-guides/ir1---ir99/ir6/ir6.pdf
ird/ir6g-2025.pdf	OK	200	821700	https://www.ird.govt.nz/-/media/project/ir/home/documents/forms-and-guides/ir1---ir99/ir6g/ir6g-2025.pdf
ird/ir6g-2024.pdf	OK	200	650624	https://www.ird.govt.nz/-/media/project/ir/home/documents/forms-and-guides/ir1---ir99/ir6g/ir6g-2024.pdf
ird/ir6g.pdf	FAIL	404	3197	https://www.ird.govt.nz/-/media/project/ir/home/documents/forms-and-guides/ir1---ir99/ir6g/ir6g.pdf
ird/ir7-2026.pdf	OK	200	131030	https://www.ird.govt.nz/-/media/project/ir/home/documents/forms-and-guides/ir1---ir99/ir7/ir7-2026.pdf
ird/ir7-2025.pdf	OK	200	200073	https://www.ird.govt.nz/-/media/project/ir/home/documents/forms-and-guides/ir1---ir99/ir7/ir7-2025.pdf
ird/ir7-2024.pdf	OK	200	163194	https://www.ird.govt.nz/-/media/project/ir/home/documents/forms-and-guides/ir1---ir99/ir7/ir7-2024.pdf
ird/ir7-2023.pdf	OK	200	168988	https://www.ird.govt.nz/-/media/project/ir/home/documents/forms-and-guides/ir1---ir99/ir7/ir7-2023.pdf
ird/ir7.pdf	FAIL	404	3197	https://www.ird.govt.nz/-/media/project/ir/home/documents/forms-and-guides/ir1---ir99/ir7/ir7.pdf
ird/ir7g-2025.pdf	OK	200	692739	https://www.ird.govt.nz/-/media/project/ir/home/documents/forms-and-guides/ir1---ir99/ir7g/ir7g-2025.pdf
ird/ir7g-2024.pdf	OK	200	536809	https://www.ird.govt.nz/-/media/project/ir/home/documents/forms-and-guides/ir1---ir99/ir7g/ir7g-2024.pdf
ird/ir7g.pdf	FAIL	404	3197	https://www.ird.govt.nz/-/media/project/ir/home/documents/forms-and-guides/ir1---ir99/ir7g/ir7g.pdf
ird/ir10-2026.pdf	FAIL	404	3197	https://www.ird.govt.nz/-/media/project/ir/home/documents/forms-and-guides/ir1---ir99/ir10/ir10-2026.pdf
ird/ir10-2025.pdf	FAIL	404	3197	https://www.ird.govt.nz/-/media/project/ir/home/documents/forms-and-guides/ir1---ir99/ir10/ir10-2025.pdf
ird/ir10-2024.pdf	FAIL	404	3197	https://www.ird.govt.nz/-/media/project/ir/home/documents/forms-and-guides/ir1---ir99/ir10/ir10-2024.pdf
ird/ir10-2023.pdf	FAIL	404	3197	https://www.ird.govt.nz/-/media/project/ir/home/documents/forms-and-guides/ir1---ir99/ir10/ir10-2023.pdf
ird/ir10-2022.pdf	FAIL	404	3197	https://www.ird.govt.nz/-/media/project/ir/home/documents/forms-and-guides/ir1---ir99/ir10/ir10-2022.pdf
ird/ir10.pdf	OK	200	598903	https://www.ird.govt.nz/-/media/project/ir/home/documents/forms-and-guides/ir1---ir99/ir10/ir10.pdf
ird/ir10g-2025.pdf	FAIL	404	3197	https://www.ird.govt.nz/-/media/project/ir/home/documents/forms-and-guides/ir1---ir99/ir10g/ir10g-2025.pdf
ird/ir10g-2024.pdf	FAIL	404	3197	https://www.ird.govt.nz/-/media/project/ir/home/documents/forms-and-guides/ir1---ir99/ir10g/ir10g-2024.pdf
ird/ir10g.pdf	FAIL	404	3197	https://www.ird.govt.nz/-/media/project/ir/home/documents/forms-and-guides/ir1---ir99/ir10g/ir10g.pdf
ird/ir4s-2025.pdf	OK	200	124340	https://www.ird.govt.nz/-/media/project/ir/home/documents/forms-and-guides/ir1---ir99/ir4s/ir4s-2025.pdf
ird/ir4s-2024.pdf	OK	200	62333	https://www.ird.govt.nz/-/media/project/ir/home/documents/forms-and-guides/ir1---ir99/ir4s/ir4s-2024.pdf
ird/ir4s.pdf	FAIL	404	3197	https://www.ird.govt.nz/-/media/project/ir/home/documents/forms-and-guides/ir1---ir99/ir4s/ir4s.pdf
ird/ir44-2025.pdf	OK	200	231167	https://www.ird.govt.nz/-/media/project/ir/home/documents/forms-and-guides/ir1---ir99/ir44/ir44-2025.pdf
ird/ir44.pdf	FAIL	404	3197	https://www.ird.govt.nz/-/media/project/ir/home/documents/forms-and-guides/ir1---ir99/ir44/ir44.pdf
ird/ir9-2025.pdf	OK	200	235240	https://www.ird.govt.nz/-/media/project/ir/home/documents/forms-and-guides/ir1---ir99/ir9/ir9-2025.pdf
ird/ir9-2024.pdf	OK	200	154689	https://www.ird.govt.nz/-/media/project/ir/home/documents/forms-and-guides/ir1---ir99/ir9/ir9-2024.pdf
ird/ir9.pdf	FAIL	404	3197	https://www.ird.govt.nz/-/media/project/ir/home/documents/forms-and-guides/ir1---ir99/ir9/ir9.pdf
ird/ir9g-2025.pdf	OK	200	419460	https://www.ird.govt.nz/-/media/project/ir/home/documents/forms-and-guides/ir1---ir99/ir9g/ir9g-2025.pdf
ird/ir9g.pdf	FAIL	404	3197	https://www.ird.govt.nz/-/media/project/ir/home/documents/forms-and-guides/ir1---ir99/ir9g/ir9g.pdf
ird/ir8-2025.pdf	OK	200	332453	https://www.ird.govt.nz/-/media/project/ir/home/documents/forms-and-guides/ir1---ir99/ir8/ir8-2025.pdf
ird/ir8.pdf	FAIL	404	3197	https://www.ird.govt.nz/-/media/project/ir/home/documents/forms-and-guides/ir1---ir99/ir8/ir8.pdf
ird/ir20-2025.pdf	FAIL	404	3197	https://www.ird.govt.nz/-/media/project/ir/home/documents/forms-and-guides/ir1---ir99/ir20/ir20-2025.pdf
ird/ir20.pdf	FAIL	404	3197	https://www.ird.govt.nz/-/media/project/ir/home/documents/forms-and-guides/ir1---ir99/ir20/ir20.pdf
ird/ir44e-2025.pdf	FAIL	404	3197	https://www.ird.govt.nz/-/media/project/ir/home/documents/forms-and-guides/ir1---ir99/ir44e/ir44e-2025.pdf
ird/ir44e.pdf	OK	200	95587	https://www.ird.govt.nz/-/media/project/ir/home/documents/forms-and-guides/ir1---ir99/ir44e/ir44e.pdf
ird/ir101.pdf	FAIL	404	3197	https://www.ird.govt.nz/-/media/project/ir/home/documents/forms-and-guides/ir100---ir199/ir101/ir101.pdf
ird/ir104.pdf	OK	200	135874	https://www.ird.govt.nz/-/media/project/ir/home/documents/forms-and-guides/ir100---ir199/ir104/ir104.pdf
ird/ir108.pdf	FAIL	404	3197	https://www.ird.govt.nz/-/media/project/ir/home/documents/forms-and-guides/ir100---ir199/ir108/ir108.pdf
ird/ir120.pdf	FAIL	404	3197	https://www.ird.govt.nz/-/media/project/ir/home/documents/forms-and-guides/ir100---ir199/ir120/ir120.pdf
ird/ir133.pdf	FAIL	404	3197	https://www.ird.govt.nz/-/media/project/ir/home/documents/forms-and-guides/ir100---ir199/ir133/ir133.pdf
ird/ir155.pdf	FAIL	404	3197	https://www.ird.govt.nz/-/media/project/ir/home/documents/forms-and-guides/ir100---ir199/ir155/ir155.pdf
ird/ir180.pdf	OK	200	363175	https://www.ird.govt.nz/-/media/project/ir/home/documents/forms-and-guides/ir100---ir199/ir180/ir180.pdf
ird/ir252.pdf	FAIL	404	3197	https://www.ird.govt.nz/-/media/project/ir/home/documents/forms-and-guides/ir200---ir299/ir252/ir252.pdf
ird/ir260.pdf	OK	200	1884333	https://www.ird.govt.nz/-/media/project/ir/home/documents/forms-and-guides/ir200---ir299/ir260/ir260.pdf
ird/ir264.pdf	OK	200	556098	https://www.ird.govt.nz/-/media/project/ir/home/documents/forms-and-guides/ir200---ir299/ir264/ir264.pdf
ird/ir270.pdf	FAIL	404	3197	https://www.ird.govt.nz/-/media/project/ir/home/documents/forms-and-guides/ir200---ir299/ir270/ir270.pdf
ird/ir274.pdf	FAIL	404	3197	https://www.ird.govt.nz/-/media/project/ir/home/documents/forms-and-guides/ir200---ir299/ir274/ir274.pdf
ird/ir295.pdf	OK	200	1434132	https://www.ird.govt.nz/-/media/project/ir/home/documents/forms-and-guides/ir200---ir299/ir295/ir295.pdf
ird/ir330.pdf	OK	200	360027	https://www.ird.govt.nz/-/media/project/ir/home/documents/forms-and-guides/ir300---ir399/ir330/ir330.pdf
ird/ir330c.pdf	FAIL	404	3197	https://www.ird.govt.nz/-/media/project/ir/home/documents/forms-and-guides/ir300---ir399/ir330c/ir330c.pdf
ird/ir334.pdf	OK	200	780341	https://www.ird.govt.nz/-/media/project/ir/home/documents/forms-and-guides/ir300---ir399/ir334/ir334.pdf
ird/ir335.pdf	OK	200	3328319	https://www.ird.govt.nz/-/media/project/ir/home/documents/forms-and-guides/ir300---ir399/ir335/ir335.pdf
ird/ir340.pdf	FAIL	404	3197	https://www.ird.govt.nz/-/media/project/ir/home/documents/forms-and-guides/ir300---ir399/ir340/ir340.pdf
ird/ir341.pdf	FAIL	404	3197	https://www.ird.govt.nz/-/media/project/ir/home/documents/forms-and-guides/ir300---ir399/ir341/ir341.pdf
ird/ir344.pdf	FAIL	404	3197	https://www.ird.govt.nz/-/media/project/ir/home/documents/forms-and-guides/ir300---ir399/ir344/ir344.pdf
ird/ir345.pdf	FAIL	404	3197	https://www.ird.govt.nz/-/media/project/ir/home/documents/forms-and-guides/ir300---ir399/ir345/ir345.pdf
ird/ir348.pdf	FAIL	404	3197	https://www.ird.govt.nz/-/media/project/ir/home/documents/forms-and-guides/ir300---ir399/ir348/ir348.pdf
ird/ir359.pdf	OK	200	195994	https://www.ird.govt.nz/-/media/project/ir/home/documents/forms-and-guides/ir300---ir399/ir359/ir359.pdf
ird/ir375.pdf	OK	200	660469	https://www.ird.govt.nz/-/media/project/ir/home/documents/forms-and-guides/ir300---ir399/ir375/ir375.pdf
ird/ir404.pdf	FAIL	404	3197	https://www.ird.govt.nz/-/media/project/ir/home/documents/forms-and-guides/ir400---ir499/ir404/ir404.pdf
ird/ir425.pdf	FAIL	404	3197	https://www.ird.govt.nz/-/media/project/ir/home/documents/forms-and-guides/ir400---ir499/ir425/ir425.pdf
ird/ir450.pdf	FAIL	404	3197	https://www.ird.govt.nz/-/media/project/ir/home/documents/forms-and-guides/ir400---ir499/ir450/ir450.pdf
ird/ir460.pdf	FAIL	404	3197	https://www.ird.govt.nz/-/media/project/ir/home/documents/forms-and-guides/ir400---ir499/ir460/ir460.pdf
ird/ir473.pdf	OK	200	93858	https://www.ird.govt.nz/-/media/project/ir/home/documents/forms-and-guides/ir400---ir499/ir473/ir473.pdf
ird/ir526.pdf	OK	200	77652	https://www.ird.govt.nz/-/media/project/ir/home/documents/forms-and-guides/ir500---ir599/ir526/ir526.pdf
ird/ir537.pdf	FAIL	404	3197	https://www.ird.govt.nz/-/media/project/ir/home/documents/forms-and-guides/ir500---ir599/ir537/ir537.pdf
ird/ir546.pdf	FAIL	404	3197	https://www.ird.govt.nz/-/media/project/ir/home/documents/forms-and-guides/ir500---ir599/ir546/ir546.pdf
ird/ir574.pdf	FAIL	404	3197	https://www.ird.govt.nz/-/media/project/ir/home/documents/forms-and-guides/ir500---ir599/ir574/ir574.pdf
ird/ir590.pdf	FAIL	404	3197	https://www.ird.govt.nz/-/media/project/ir/home/documents/forms-and-guides/ir500---ir599/ir590/ir590.pdf
ird/ir595.pdf	FAIL	404	3197	https://www.ird.govt.nz/-/media/project/ir/home/documents/forms-and-guides/ir500---ir599/ir595/ir595.pdf
ird/ir620.pdf	FAIL	404	3197	https://www.ird.govt.nz/-/media/project/ir/home/documents/forms-and-guides/ir600---ir699/ir620/ir620.pdf
ird/ir624.pdf	FAIL	404	3197	https://www.ird.govt.nz/-/media/project/ir/home/documents/forms-and-guides/ir600---ir699/ir624/ir624.pdf
ird/ir633.pdf	FAIL	404	3197	https://www.ird.govt.nz/-/media/project/ir/home/documents/forms-and-guides/ir600---ir699/ir633/ir633.pdf
ird/ir673.pdf	FAIL	404	3197	https://www.ird.govt.nz/-/media/project/ir/home/documents/forms-and-guides/ir600---ir699/ir673/ir673.pdf
ird/ir680.pdf	FAIL	404	3197	https://www.ird.govt.nz/-/media/project/ir/home/documents/forms-and-guides/ir600---ir699/ir680/ir680.pdf
ird/ir708.pdf	FAIL	404	3197	https://www.ird.govt.nz/-/media/project/ir/home/documents/forms-and-guides/ir700---ir799/ir708/ir708.pdf
ird/ir730.pdf	FAIL	404	3197	https://www.ird.govt.nz/-/media/project/ir/home/documents/forms-and-guides/ir700---ir799/ir730/ir730.pdf
ird/ir742.pdf	FAIL	404	3197	https://www.ird.govt.nz/-/media/project/ir/home/documents/forms-and-guides/ir700---ir799/ir742/ir742.pdf
ird/ir750.pdf	FAIL	404	3197	https://www.ird.govt.nz/-/media/project/ir/home/documents/forms-and-guides/ir700---ir799/ir750/ir750.pdf
ird/ir776.pdf	FAIL	404	3197	https://www.ird.govt.nz/-/media/project/ir/home/documents/forms-and-guides/ir700---ir799/ir776/ir776.pdf
ird/ir833.pdf	FAIL	404	3197	https://www.ird.govt.nz/-/media/project/ir/home/documents/forms-and-guides/ir800---ir899/ir833/ir833.pdf
ird/ir850.pdf	FAIL	404	3197	https://www.ird.govt.nz/-/media/project/ir/home/documents/forms-and-guides/ir800---ir899/ir850/ir850.pdf
ird/ir870.pdf	FAIL	404	3197	https://www.ird.govt.nz/-/media/project/ir/home/documents/forms-and-guides/ir800---ir899/ir870/ir870.pdf
ird/ir886.pdf	FAIL	404	3197	https://www.ird.govt.nz/-/media/project/ir/home/documents/forms-and-guides/ir800---ir899/ir886/ir886.pdf
ird/ir907.pdf	FAIL	404	3197	https://www.ird.govt.nz/-/media/project/ir/home/documents/forms-and-guides/ir900---ir999/ir907/ir907.pdf
ird/ir920.pdf	FAIL	404	3197	https://www.ird.govt.nz/-/media/project/ir/home/documents/forms-and-guides/ir900---ir999/ir920/ir920.pdf
ird/ir943.pdf	FAIL	404	3197	https://www.ird.govt.nz/-/media/project/ir/home/documents/forms-and-guides/ir900---ir999/ir943/ir943.pdf
ird/ir980.pdf	FAIL	404	3197	https://www.ird.govt.nz/-/media/project/ir/home/documents/forms-and-guides/ir900---ir999/ir980/ir980.pdf
ird/ir1022.pdf	FAIL	404	3197	https://www.ird.govt.nz/-/media/project/ir/home/documents/forms-and-guides/ir1000---ir1099/ir1022/ir1022.pdf
ird/ir1025.pdf	OK	200	1629524	https://www.ird.govt.nz/-/media/project/ir/home/documents/forms-and-guides/ir1000---ir1099/ir1025/ir1025.pdf
ird/ir1040.pdf	FAIL	404	3197	https://www.ird.govt.nz/-/media/project/ir/home/documents/forms-and-guides/ir1000---ir1099/ir1040/ir1040.pdf
ird/ir1048.pdf	FAIL	404	3197	https://www.ird.govt.nz/-/media/project/ir/home/documents/forms-and-guides/ir1000---ir1099/ir1048/ir1048.pdf
ird/ir1101.pdf	OK	200	290904	https://www.ird.govt.nz/-/media/project/ir/home/documents/forms-and-guides/ir1100---ir1199/ir1101/ir1101.pdf
ird/ir1130.pdf	FAIL	404	3197	https://www.ird.govt.nz/-/media/project/ir/home/documents/forms-and-guides/ir1100---ir1199/ir1130/ir1130.pdf
ird/ir1152.pdf	FAIL	404	3197	https://www.ird.govt.nz/-/media/project/ir/home/documents/forms-and-guides/ir1100---ir1199/ir1152/ir1152.pdf
ird/ir1247.pdf	OK	200	473514	https://www.ird.govt.nz/-/media/project/ir/home/documents/forms-and-guides/ir1200---ir1299/ir1247/ir1247.pdf
ird/ir1250.pdf	FAIL	404	3197	https://www.ird.govt.nz/-/media/project/ir/home/documents/forms-and-guides/ir1200---ir1299/ir1250/ir1250.pdf
ird/ir1261.pdf	FAIL	404	3197	https://www.ird.govt.nz/-/media/project/ir/home/documents/forms-and-guides/ir1200---ir1299/ir1261/ir1261.pdf
ird/ir1270.pdf	FAIL	404	3197	https://www.ird.govt.nz/-/media/project/ir/home/documents/forms-and-guides/ir1200---ir1299/ir1270/ir1270.pdf
ird/ir526-2026.pdf	FAIL	404	3197	https://www.ird.govt.nz/-/media/project/ir/home/documents/forms-and-guides/ir500---ir599/ir526/ir526-2026.pdf
ird/ir348-2026.pdf	FAIL	404	3197	https://www.ird.govt.nz/-/media/project/ir/home/documents/forms-and-guides/ir300---ir399/ir348/ir348-2026.pdf
ird/ir526-2025.pdf	FAIL	404	3197	https://www.ird.govt.nz/-/media/project/ir/home/documents/forms-and-guides/ir500---ir599/ir526/ir526-2025.pdf
ird/ir348-2025.pdf	FAIL	404	3197	https://www.ird.govt.nz/-/media/project/ir/home/documents/forms-and-guides/ir300---ir399/ir348/ir348-2025.pdf
ird/ir526-2024.pdf	FAIL	404	3197	https://www.ird.govt.nz/-/media/project/ir/home/documents/forms-and-guides/ir500---ir599/ir526/ir526-2024.pdf
ird/ir348-2024.pdf	FAIL	404	3197	https://www.ird.govt.nz/-/media/project/ir/home/documents/forms-and-guides/ir300---ir399/ir348/ir348-2024.pdf
ird/ir526-2023.pdf	FAIL	404	3197	https://www.ird.govt.nz/-/media/project/ir/home/documents/forms-and-guides/ir500---ir599/ir526/ir526-2023.pdf
ird/ir348-2023.pdf	FAIL	404	3197	https://www.ird.govt.nz/-/media/project/ir/home/documents/forms-and-guides/ir300---ir399/ir348/ir348-2023.pdf
ird/ir10g-2026.pdf	OK	200	363157	https://www.ird.govt.nz/-/media/project/ir/home/documents/forms-and-guides/ir1---ir99/ir10g/ir10g-2026.pdf
ird/ir10g-2023.pdf	OK	200	144777	https://www.ird.govt.nz/-/media/project/ir/home/documents/forms-and-guides/ir1---ir99/ir10g/ir10g-2023.pdf
ird/ir10g-2022.pdf	OK	200	171776	https://www.ird.govt.nz/-/media/project/ir/home/documents/forms-and-guides/ir1---ir99/ir10g/ir10g-2022.pdf
ird/ir10g-2020.pdf	OK	200	123471	https://www.ird.govt.nz/-/media/project/ir/home/documents/forms-and-guides/ir1---ir99/ir10g/ir10g-2020.pdf
ird/ir340.pdf	FAIL	404	3197	https://www.ird.govt.nz/-/media/project/ir/home/documents/forms-and-guides/ir300---ir399/ir340/ir340.pdf
ird/ir341.pdf	FAIL	404	3197	https://www.ird.govt.nz/-/media/project/ir/home/documents/forms-and-guides/ir300---ir399/ir341/ir341.pdf
ird/ir344.pdf	FAIL	404	3197	https://www.ird.govt.nz/-/media/project/ir/home/documents/forms-and-guides/ir300---ir399/ir344/ir344.pdf
ird/ir348.pdf	FAIL	404	3197	https://www.ird.govt.nz/-/media/project/ir/home/documents/forms-and-guides/ir300---ir399/ir348/ir348.pdf
ird/ir345.pdf	FAIL	404	3197	https://www.ird.govt.nz/-/media/project/ir/home/documents/forms-and-guides/ir300---ir399/ir345/ir345.pdf
ird/ir372.pdf	FAIL	404	3197	https://www.ird.govt.nz/-/media/project/ir/home/documents/forms-and-guides/ir300---ir399/ir372/ir372.pdf
ird/ir1250.pdf	FAIL	404	3197	https://www.ird.govt.nz/-/media/project/ir/home/documents/forms-and-guides/ir1200---ir1299/ir1250/ir1250.pdf
ird/ir1261.pdf	FAIL	404	3197	https://www.ird.govt.nz/-/media/project/ir/home/documents/forms-and-guides/ir1200---ir1299/ir1261/ir1261.pdf
ird/ir1270.pdf	FAIL	404	3197	https://www.ird.govt.nz/-/media/project/ir/home/documents/forms-and-guides/ir1200---ir1299/ir1270/ir1270.pdf
ird/ir1211.pdf	FAIL	404	3197	https://www.ird.govt.nz/-/media/project/ir/home/documents/forms-and-guides/ir1200---ir1299/ir1211/ir1211.pdf
ird/ir1226.pdf	FAIL	404	3197	https://www.ird.govt.nz/-/media/project/ir/home/documents/forms-and-guides/ir1200---ir1299/ir1226/ir1226.pdf
ird/ir620.pdf	FAIL	404	3197	https://www.ird.govt.nz/-/media/project/ir/home/documents/forms-and-guides/ir600---ir699/ir620/ir620.pdf
ird/ir624.pdf	FAIL	404	3197	https://www.ird.govt.nz/-/media/project/ir/home/documents/forms-and-guides/ir600---ir699/ir624/ir624.pdf
ird/ir633.pdf	FAIL	404	3197	https://www.ird.govt.nz/-/media/project/ir/home/documents/forms-and-guides/ir600---ir699/ir633/ir633.pdf
ird/ir673.pdf	FAIL	404	3197	https://www.ird.govt.nz/-/media/project/ir/home/documents/forms-and-guides/ir600---ir699/ir673/ir673.pdf
ird/ir708.pdf	FAIL	404	3197	https://www.ird.govt.nz/-/media/project/ir/home/documents/forms-and-guides/ir700---ir799/ir708/ir708.pdf
ird/ir730.pdf	FAIL	404	3197	https://www.ird.govt.nz/-/media/project/ir/home/documents/forms-and-guides/ir700---ir799/ir730/ir730.pdf
ird/ir742.pdf	FAIL	404	3197	https://www.ird.govt.nz/-/media/project/ir/home/documents/forms-and-guides/ir700---ir799/ir742/ir742.pdf
ird/ir750.pdf	FAIL	404	3197	https://www.ird.govt.nz/-/media/project/ir/home/documents/forms-and-guides/ir700---ir799/ir750/ir750.pdf
ird/ir833.pdf	FAIL	404	3197	https://www.ird.govt.nz/-/media/project/ir/home/documents/forms-and-guides/ir800---ir899/ir833/ir833.pdf
ird/ir850.pdf	FAIL	404	3197	https://www.ird.govt.nz/-/media/project/ir/home/documents/forms-and-guides/ir800---ir899/ir850/ir850.pdf
ird/ir870.pdf	FAIL	404	3197	https://www.ird.govt.nz/-/media/project/ir/home/documents/forms-and-guides/ir800---ir899/ir870/ir870.pdf
ird/ir886.pdf	FAIL	404	3197	https://www.ird.govt.nz/-/media/project/ir/home/documents/forms-and-guides/ir800---ir899/ir886/ir886.pdf
ird/ir907.pdf	FAIL	404	3197	https://www.ird.govt.nz/-/media/project/ir/home/documents/forms-and-guides/ir900---ir999/ir907/ir907.pdf
ird/ir920.pdf	FAIL	404	3197	https://www.ird.govt.nz/-/media/project/ir/home/documents/forms-and-guides/ir900---ir999/ir920/ir920.pdf
ird/ir943.pdf	FAIL	404	3197	https://www.ird.govt.nz/-/media/project/ir/home/documents/forms-and-guides/ir900---ir999/ir943/ir943.pdf
ird/ir980.pdf	FAIL	404	3197	https://www.ird.govt.nz/-/media/project/ir/home/documents/forms-and-guides/ir900---ir999/ir980/ir980.pdf
ird/ir101.pdf	FAIL	404	3197	https://www.ird.govt.nz/-/media/project/ir/home/documents/forms-and-guides/ir100---ir199/ir101/ir101.pdf
ird/ir108.pdf	FAIL	404	3197	https://www.ird.govt.nz/-/media/project/ir/home/documents/forms-and-guides/ir100---ir199/ir108/ir108.pdf
ird/ir120.pdf	FAIL	404	3197	https://www.ird.govt.nz/-/media/project/ir/home/documents/forms-and-guides/ir100---ir199/ir120/ir120.pdf
ird/ir133.pdf	FAIL	404	3197	https://www.ird.govt.nz/-/media/project/ir/home/documents/forms-and-guides/ir100---ir199/ir133/ir133.pdf
ird/ir155.pdf	FAIL	404	3197	https://www.ird.govt.nz/-/media/project/ir/home/documents/forms-and-guides/ir100---ir199/ir155/ir155.pdf
ird/ir252.pdf	FAIL	404	3197	https://www.ird.govt.nz/-/media/project/ir/home/documents/forms-and-guides/ir200---ir299/ir252/ir252.pdf
ird/ir270.pdf	FAIL	404	3197	https://www.ird.govt.nz/-/media/project/ir/home/documents/forms-and-guides/ir200---ir299/ir270/ir270.pdf
ird/ir274.pdf	FAIL	404	3197	https://www.ird.govt.nz/-/media/project/ir/home/documents/forms-and-guides/ir200---ir299/ir274/ir274.pdf
ird/ir537.pdf	FAIL	404	3197	https://www.ird.govt.nz/-/media/project/ir/home/documents/forms-and-guides/ir500---ir599/ir537/ir537.pdf
ird/ir546.pdf	FAIL	404	3197	https://www.ird.govt.nz/-/media/project/ir/home/documents/forms-and-guides/ir500---ir599/ir546/ir546.pdf
ird/ir574.pdf	FAIL	404	3197	https://www.ird.govt.nz/-/media/project/ir/home/documents/forms-and-guides/ir500---ir599/ir574/ir574.pdf
ird/ir590.pdf	FAIL	404	3197	https://www.ird.govt.nz/-/media/project/ir/home/documents/forms-and-guides/ir500---ir599/ir590/ir590.pdf
ird/ir595.pdf	FAIL	404	3197	https://www.ird.govt.nz/-/media/project/ir/home/documents/forms-and-guides/ir500---ir599/ir595/ir595.pdf
ird/ir404.pdf	FAIL	404	3197	https://www.ird.govt.nz/-/media/project/ir/home/documents/forms-and-guides/ir400---ir499/ir404/ir404.pdf
ird/ir425.pdf	FAIL	404	3197	https://www.ird.govt.nz/-/media/project/ir/home/documents/forms-and-guides/ir400---ir499/ir425/ir425.pdf
ird/ir450.pdf	FAIL	404	3197	https://www.ird.govt.nz/-/media/project/ir/home/documents/forms-and-guides/ir400---ir499/ir450/ir450.pdf
ird/ir460.pdf	FAIL	404	3197	https://www.ird.govt.nz/-/media/project/ir/home/documents/forms-and-guides/ir400---ir499/ir460/ir460.pdf
ird/ir1022.pdf	FAIL	404	3197	https://www.ird.govt.nz/-/media/project/ir/home/documents/forms-and-guides/ir1000---ir1099/ir1022/ir1022.pdf
ird/ir1040.pdf	FAIL	404	3197	https://www.ird.govt.nz/-/media/project/ir/home/documents/forms-and-guides/ir1000---ir1099/ir1040/ir1040.pdf
ird/ir1048.pdf	FAIL	404	3197	https://www.ird.govt.nz/-/media/project/ir/home/documents/forms-and-guides/ir1000---ir1099/ir1048/ir1048.pdf
ird/gst101a-2026.pdf	FAIL	404	3197	https://www.ird.govt.nz/-/media/project/ir/home/documents/forms-and-guides/gst100---gst199/gst101a/gst101a-2026.pdf
ird/gst103b-2026.pdf	FAIL	404	3197	https://www.ird.govt.nz/-/media/project/ir/home/documents/forms-and-guides/gst100---gst199/gst103b/gst103b-2026.pdf
ird/gst101a-2025.pdf	FAIL	404	3197	https://www.ird.govt.nz/-/media/project/ir/home/documents/forms-and-guides/gst100---gst199/gst101a/gst101a-2025.pdf
ird/gst103b-2025.pdf	FAIL	404	3197	https://www.ird.govt.nz/-/media/project/ir/home/documents/forms-and-guides/gst100---gst199/gst103b/gst103b-2025.pdf
ird/gst101a-2024.pdf	FAIL	404	3197	https://www.ird.govt.nz/-/media/project/ir/home/documents/forms-and-guides/gst100---gst199/gst101a/gst101a-2024.pdf
ird/gst103b-2024.pdf	FAIL	404	3197	https://www.ird.govt.nz/-/media/project/ir/home/documents/forms-and-guides/gst100---gst199/gst103b/gst103b-2024.pdf
ird/gst101a-2023.pdf	OK	200	105324	https://www.ird.govt.nz/-/media/project/ir/home/documents/forms-and-guides/gst100---gst199/gst101a/gst101a-2023.pdf
ird/gst103b-2023.pdf	OK	200	100096	https://www.ird.govt.nz/-/media/project/ir/home/documents/forms-and-guides/gst100---gst199/gst103b/gst103b-2023.pdf
ird/gst101a-2022.pdf	FAIL	404	3197	https://www.ird.govt.nz/-/media/project/ir/home/documents/forms-and-guides/gst100---gst199/gst101a/gst101a-2022.pdf
ird/gst103b-2022.pdf	FAIL	404	3197	https://www.ird.govt.nz/-/media/project/ir/home/documents/forms-and-guides/gst100---gst199/gst103b/gst103b-2022.pdf
ird/gst104.pdf	FAIL	404	3197	https://www.ird.govt.nz/-/media/project/ir/home/documents/forms-and-guides/gst100---gst199/gst104/gst104.pdf
ird/gst105.pdf	FAIL	404	3197	https://www.ird.govt.nz/-/media/project/ir/home/documents/forms-and-guides/gst100---gst199/gst105/gst105.pdf
ird/gst120.pdf	FAIL	404	3197	https://www.ird.govt.nz/-/media/project/ir/home/documents/forms-and-guides/gst100---gst199/gst120/gst120.pdf
ird/gst151.pdf	FAIL	404	3197	https://www.ird.govt.nz/-/media/project/ir/home/documents/forms-and-guides/gst100---gst199/gst151/gst151.pdf
ird/ir283.pdf	OK	200	289604	https://www.ird.govt.nz/-/media/project/ir/home/documents/forms-and-guides/ir200---ir299/ir283/ir283.pdf
ird/ir284.pdf	OK	200	335787	https://www.ird.govt.nz/-/media/project/ir/home/documents/forms-and-guides/ir200---ir299/ir284/ir284.pdf
ird/ir373-2019.pdf	OK	200	117634	https://www.ird.govt.nz/-/media/project/ir/home/documents/forms-and-guides/ir300---ir399/ir373/ir373-2019.pdf
