"case","kind","bank","layout","decidable","outcome","cell","want","got","right","missing","extra","secs","why"
"kbpdf_1","pdf","Kiwibank","kiwibank_pdf",TRUE,"proven","auto_right",18,18,18,0,0,2.28,"The running balance checks on all 17 step(s) and no other reading of the columns fits. The statement lists the newest transaction first."
"kbpdf_2","pdf","Kiwibank","kiwibank_pdf",TRUE,"proven","auto_right",74,74,74,0,0,5.14,"The running balance checks on all 73 step(s) and no other reading of the columns fits. The statement lists the newest transaction first."
"kbpdf_3","pdf","Kiwibank","kiwibank_pdf",TRUE,"proven","auto_right",44,44,44,0,0,3.33,"The running balance checks on all 43 step(s) and no other reading of the columns fits. The statement lists the newest transaction first."
"kbpdf_4","pdf","Kiwibank","kiwibank_pdf",TRUE,"check","check_wrong",29,29,28,1,1,2.66,"1 amount(s) could not be read and were filled in from the balance."
"kbpdf_5","pdf","Kiwibank","kiwibank_pdf",TRUE,"check","check_right",42,42,42,0,0,2.19,"The balance does not add up at row 22 (page 1): it moves by -8921.79 but the rows add to -30.53."
"kbpdf_6","pdf","Kiwibank","kiwibank_pdf",TRUE,"check","check_right",28,28,28,0,0,2.51,"The balance does not add up at row 16 (page 1): it moves by -696.30 but the rows add to 157.97."
"kbpdf_7","pdf","Kiwibank","kiwibank_pdf",TRUE,"proven","auto_right",110,110,110,0,0,4.07,"The running balance checks on all 109 step(s) and no other reading of the columns fits. The statement lists the newest transaction first."
"kbpdf_8","pdf","Kiwibank","kiwibank_pdf",TRUE,"check","check_right",65,65,65,0,0,2.98,"The balance does not add up at row 42 (page 3): it moves by -1397.07 but the rows add to -85.97."
"wpcc_1","pdf","Westpac","westpac_cc",TRUE,"check","check_right",15,15,15,0,0,1.08,"The statement has two date columns, ""general"" and ""payments"", that give different dates on 11 row(s), and neither heading says which is the "
"wpcc_2","pdf","Westpac","westpac_cc",TRUE,"check","check_right",59,59,59,0,0,2.01,"The statement has two date columns, ""general"" and ""payments"", that give different dates on 47 row(s), and neither heading says which is the "
"wpcc_3","pdf","Westpac","westpac_cc",TRUE,"check","check_wrong",27,27,6,21,21,1.07,"The statement has two date columns, ""payments"" and ""general"", that give different dates on 21 row(s), and neither heading says which is the "
"wpcc_4","pdf","Westpac","westpac_cc",TRUE,"check","check_right",11,11,11,0,0,1.26,"The statement has two date columns, ""general"" and ""payments"", that give different dates on 7 row(s), and neither heading says which is the t"
"wpcc_5","pdf","Westpac","westpac_cc",TRUE,"check","check_right",42,42,42,0,0,1.45,"The statement has two date columns, ""general"" and ""payments"", that give different dates on 29 row(s), and neither heading says which is the "
"wpcc_6","pdf","Westpac","westpac_cc",TRUE,"unread","unread",0,0,0,0,0,0.27,"No line on any page prints a date with a figure beside it, so no transaction table was found."
"wpcc_7","pdf","Westpac","westpac_cc",TRUE,"check","check_wrong",18,18,2,16,16,1.24,"The statement has two date columns, ""payments"" and ""general"", that give different dates on 16 row(s), and neither heading says which is the "
